member_id,exercise_id,sets,set_duration_sec,rest_sec,order_in_workout
M0000,E01149,3,45,45,1
M0000,E02171,3,45,45,2
M0000,E01192,3,45,45,3
M0000,E01777,3,45,45,4
M0000,E00040,3,45,45,5
M0001,E00040,3,45,45,1
M0001,E01584,3,45,45,2
M0001,E01441,3,45,45,3
M0001,E01138,3,45,45,4
M0001,E01303,3,45,45,5
M0001,E01255,3,45,45,6
M0002,E02425,3,45,45,1
M0002,E00001,3,45,45,2
M0002,E01477,3,45,45,3
M0002,E01751,3,45,45,4
M0002,E00590,3,45,45,5
M0002,E02243,3,45,45,6
M0002,E02250,3,45,45,7
M0002,E00032,3,45,45,8
M0002,E02289,3,45,45,9
M0002,E01058,3,45,45,10
M0002,E02249,3,45,45,11
M0003,E01149,3,45,45,1
M0003,E02520,3,45,45,2
M0003,E00832,3,45,45,3
M0003,E01138,3,45,45,4
M0003,E00382,3,45,45,5
M0003,E00913,3,45,45,6
M0003,E00069,3,45,45,7
M0003,E01370,3,45,45,8
M0003,E00649,3,45,45,9
M0003,E00040,3,45,45,10
M0003,E01419,3,45,45,11
M0003,E01487,3,45,45,12
M0004,E00037,3,45,45,1
M0004,E00043,3,45,45,2
M0004,E01508,3,45,45,3
M0004,E01269,3,45,45,4
M0004,E01071,3,45,45,5
M0004,E00368,3,45,45,6
M0004,E00618,3,45,45,7
M0004,E01382,3,45,45,8
M0004,E00262,3,45,45,9
M0004,E00893,3,45,45,10
M0004,E01280,3,45,45,11
M0004,E01258,3,45,45,12
M0005,E01486,3,45,45,1
M0005,E02240,3,45,45,2
M0005,E01567,3,45,45,3
M0005,E02151,3,45,45,4
M0005,E02284,3,45,45,5
M0005,E01424,3,45,45,6
M0005,E02259,3,45,45,7
M0005,E01771,3,45,45,8
M0005,E01062,3,45,45,9
M0005,E01627,3,45,45,10
M0005,E01401,3,45,45,11
M0005,E02453,3,45,45,12
M0005,E00962,3,45,45,13
M0005,E01478,3,45,45,14
M0005,E01282,3,45,45,15
M0005,E01397,3,45,45,16
M0005,E01724,3,45,45,17
M0006,E01290,3,45,45,1
M0006,E00816,3,45,45,2
M0006,E01999,3,45,45,3
M0006,E01280,3,45,45,4
M0006,E01347,3,45,45,5
M0006,E02311,3,45,45,6
M0006,E00229,3,45,45,7
M0006,E01443,3,45,45,8
M0006,E00419,3,45,45,9
M0006,E02342,3,45,45,10
M0006,E01656,3,45,45,11
M0006,E01159,3,45,45,12
M0006,E01524,3,45,45,13
M0006,E00570,3,45,45,14
M0006,E02443,3,45,45,15
M0006,E01361,3,45,45,16
M0006,E01287,3,45,45,17
M0007,E00925,3,45,45,1
M0007,E00860,3,45,45,2
M0007,E00213,3,45,45,3
M0007,E02225,3,45,45,4
M0007,E01581,3,45,45,5
M0007,E01212,3,45,45,6
M0007,E02269,3,45,45,7
M0007,E00214,3,45,45,8
M0007,E00607,3,45,45,9
M0007,E01302,3,45,45,10
M0007,E00224,3,45,45,11
M0007,E01586,3,45,45,12
M0007,E00261,3,45,45,13
M0007,E00255,3,45,45,14
M0007,E00913,3,45,45,15
M0008,E02293,3,45,45,1
M0008,E00703,3,45,45,2
M0008,E00041,3,45,45,3
M0008,E00739,3,45,45,4
M0008,E01448,3,45,45,5
M0008,E01494,3,45,45,6
M0008,E00100,3,45,45,7
M0008,E01696,3,45,45,8
M0008,E00538,3,45,45,9
M0008,E01085,3,45,45,10
M0008,E02205,3,45,45,11
M0008,E01401,3,45,45,12
M0008,E01852,3,45,45,13
M0008,E00285,3,45,45,14
M0008,E01391,3,45,45,15
M0009,E00627,3,45,45,1
M0009,E01528,3,45,45,2
M0009,E00932,3,45,45,3
M0009,E01382,3,45,45,4
M0009,E02537,3,45,45,5
M0009,E01117,3,45,45,6
M0009,E00728,3,45,45,7
M0009,E01409,3,45,45,8
M0009,E02376,3,45,45,9
M0009,E02525,3,45,45,10
M0009,E01160,3,45,45,11
M0009,E00429,3,45,45,12
M0009,E02189,3,45,45,13
M0009,E00442,3,45,45,14
M0009,E00050,3,45,45,15
M0010,E01403,3,45,45,1
M0010,E01007,3,45,45,2
M0010,E00479,3,45,45,3
M0010,E01700,3,45,45,4
M0010,E01070,3,45,45,5
M0010,E02037,3,45,45,6
M0010,E01568,3,45,45,7
M0010,E02475,3,45,45,8
M0010,E01401,3,45,45,9
M0010,E01252,3,45,45,10
M0010,E01392,3,45,45,11
M0010,E02527,3,45,45,12
M0010,E01553,3,45,45,13
M0010,E01883,3,45,45,14
M0010,E01471,3,45,45,15
M0011,E01148,3,45,45,1
M0011,E00836,3,45,45,2
M0011,E01550,3,45,45,3
M0011,E01302,3,45,45,4
M0011,E01192,3,45,45,5
M0011,E00916,3,45,45,6
M0011,E00091,3,45,45,7
M0011,E01088,3,45,45,8
M0011,E02162,3,45,45,9
M0011,E00649,3,45,45,10
M0011,E00654,3,45,45,11
M0011,E01420,3,45,45,12
M0011,E01301,3,45,45,13
M0012,E00231,3,45,45,1
M0012,E01259,3,45,45,2
M0012,E01171,3,45,45,3
M0012,E00220,3,45,45,4
M0012,E01259,3,45,45,5
M0012,E01706,3,45,45,6
M0012,E01587,3,45,45,7
M0012,E00022,3,45,45,8
M0012,E01498,3,45,45,9
M0012,E01259,3,45,45,10
M0012,E01569,3,45,45,11
M0012,E00832,3,45,45,12
M0012,E00218,3,45,45,13
M0012,E00606,3,45,45,14
M0013,E00644,3,45,45,1
M0013,E00772,3,45,45,2
M0013,E01557,3,45,45,3
M0013,E00556,3,45,45,4
M0013,E01557,3,45,45,5
M0013,E01516,3,45,45,6
M0013,E02104,3,45,45,7
M0013,E00224,3,45,45,8
M0013,E01557,3,45,45,9
M0013,E01299,3,45,45,10
M0013,E01048,3,45,45,11
M0013,E01588,3,45,45,12
M0013,E00712,3,45,45,13
M0013,E01785,3,45,45,14
M0014,E02060,3,45,45,1
M0014,E01847,3,45,45,2
M0014,E00002,3,45,45,3
M0014,E00179,3,45,45,4
M0014,E00835,3,45,45,5
M0014,E00547,3,45,45,6
M0014,E01387,3,45,45,7
M0014,E00659,3,45,45,8
M0014,E00985,3,45,45,9
M0014,E01823,3,45,45,10
M0014,E00155,3,45,45,11
M0015,E01068,3,45,45,1
M0015,E01606,3,45,45,2
M0015,E01610,3,45,45,3
M0015,E02471,3,45,45,4
M0015,E01708,3,45,45,5
M0015,E02142,3,45,45,6
M0015,E00281,3,45,45,7
M0015,E00873,3,45,45,8
M0015,E01573,3,45,45,9
M0015,E01602,3,45,45,10
M0015,E01610,3,45,45,11
M0015,E02081,3,45,45,12
M0015,E00061,3,45,45,13
M0015,E01309,3,45,45,14
M0015,E02467,3,45,45,15
M0015,E00925,3,45,45,16
M0015,E01309,3,45,45,17
M0015,E01485,3,45,45,18
M0015,E01610,3,45,45,19
M0015,E00235,3,45,45,20
M0015,E01602,3,45,45,21
M0016,E01750,3,45,45,1
M0016,E00859,3,45,45,2
M0016,E00098,3,45,45,3
M0016,E00594,3,45,45,4
M0016,E01292,3,45,45,5
M0016,E00335,3,45,45,6
M0016,E01129,3,45,45,7
M0016,E00182,3,45,45,8
M0016,E00611,3,45,45,9
M0016,E00918,3,45,45,10
M0016,E02132,3,45,45,11
M0016,E01041,3,45,45,12
M0016,E00190,3,45,45,13
M0016,E00581,3,45,45,14
M0017,E00061,3,45,45,1
M0017,E01602,3,45,45,2
M0017,E00061,3,45,45,3
M0017,E00385,3,45,45,4
M0017,E01618,3,45,45,5
M0017,E01657,3,45,45,6
M0017,E01645,3,45,45,7
M0017,E01618,3,45,45,8
M0017,E00308,3,45,45,9
M0017,E01610,3,45,45,10
M0017,E00010,3,45,45,11
M0017,E01309,3,45,45,12
M0017,E00061,3,45,45,13
M0017,E00061,3,45,45,14
M0017,E00061,3,45,45,15
M0017,E01647,3,45,45,16
M0017,E01841,3,45,45,17
M0017,E01309,3,45,45,18
M0017,E01875,3,45,45,19
M0017,E01308,3,45,45,20
M0017,E01657,3,45,45,21
M0017,E01859,3,45,45,22
M0017,E00530,3,45,45,23
M0017,E01623,3,45,45,24
M0018,E00061,3,45,45,1
M0018,E00061,3,45,45,2
M0018,E00697,3,45,45,3
M0018,E01841,3,45,45,4
M0018,E00061,3,45,45,5
M0018,E00610,3,45,45,6
M0018,E00455,3,45,45,7
M0018,E01657,3,45,45,8
M0018,E01606,3,45,45,9
M0018,E01875,3,45,45,10
M0018,E00527,3,45,45,11
M0018,E01606,3,45,45,12
M0018,E00061,3,45,45,13
M0018,E00061,3,45,45,14
M0018,E01657,3,45,45,15
M0018,E01875,3,45,45,16
M0018,E00061,3,45,45,17
M0018,E00580,3,45,45,18
M0018,E00061,3,45,45,19
M0018,E00061,3,45,45,20
M0019,E00054,3,45,45,1
M0019,E01301,3,45,45,2
M0019,E01582,3,45,45,3
M0019,E01777,3,45,45,4
M0019,E00922,3,45,45,5
M0019,E01210,3,45,45,6
M0019,E01303,3,45,45,7
M0019,E02165,3,45,45,8
M0019,E01302,3,45,45,9
M0019,E00899,3,45,45,10
M0019,E00040,3,45,45,11
M0019,E00040,3,45,45,12
M0020,E00192,3,45,45,1
M0020,E00227,3,45,45,2
M0020,E00372,3,45,45,3
M0020,E00861,3,45,45,4
M0020,E00219,3,45,45,5
M0020,E01587,3,45,45,6
M0020,E02431,3,45,45,7
M0020,E01758,3,45,45,8
M0020,E01484,3,45,45,9
M0020,E00219,3,45,45,10
M0020,E01653,3,45,45,11
M0020,E00192,3,45,45,12
M0021,E00838,3,45,45,1
M0021,E01739,3,45,45,2
M0021,E00096,3,45,45,3
M0021,E01283,3,45,45,4
M0021,E00172,3,45,45,5
M0021,E01651,3,45,45,6
M0021,E00648,3,45,45,7
M0021,E00249,3,45,45,8
M0021,E00014,3,45,45,9
M0021,E00107,3,45,45,10
M0021,E01132,3,45,45,11
M0021,E01157,3,45,45,12
M0021,E00162,3,45,45,13
M0021,E00149,3,45,45,14
M0022,E00229,3,45,45,1
M0022,E00749,3,45,45,2
M0022,E00057,3,45,45,3
M0022,E02107,3,45,45,4
M0022,E00069,3,45,45,5
M0022,E01730,3,45,45,6
M0022,E01274,3,45,45,7
M0022,E01313,3,45,45,8
M0022,E01316,3,45,45,9
M0022,E01525,3,45,45,10
M0022,E01270,3,45,45,11
M0022,E00162,3,45,45,12
M0022,E00009,3,45,45,13
M0022,E01157,3,45,45,14
M0022,E01377,3,45,45,15
M0022,E00462,3,45,45,16
M0022,E01099,3,45,45,17
M0023,E00738,3,45,45,1
M0023,E01555,3,45,45,2
M0023,E00414,3,45,45,3
M0023,E01413,3,45,45,4
M0023,E01485,3,45,45,5
M0023,E00641,3,45,45,6
M0023,E00058,3,45,45,7
M0023,E01482,3,45,45,8
M0023,E01576,3,45,45,9
M0023,E01563,3,45,45,10
M0023,E02107,3,45,45,11
M0023,E01916,3,45,45,12
M0023,E02138,3,45,45,13
M0023,E01328,3,45,45,14
M0024,E00131,3,45,45,1
M0024,E01965,3,45,45,2
M0024,E00177,3,45,45,3
M0024,E01823,3,45,45,4
M0024,E00206,3,45,45,5
M0024,E01556,3,45,45,6
M0024,E00174,3,45,45,7
M0024,E00267,3,45,45,8
M0024,E00162,3,45,45,9
M0024,E01303,3,45,45,10
M0024,E00016,3,45,45,11
M0024,E01614,3,45,45,12
M0024,E02079,3,45,45,13
M0025,E01557,3,45,45,1
M0025,E00478,3,45,45,2
M0025,E01771,3,45,45,3
M0025,E02190,3,45,45,4
M0026,E00218,3,45,45,1
M0026,E02226,3,45,45,2
M0026,E01697,3,45,45,3
M0026,E01406,3,45,45,4
M0026,E00405,3,45,45,5
M0026,E01568,3,45,45,6
M0026,E00227,3,45,45,7
M0026,E00225,3,45,45,8
M0026,E01516,3,45,45,9
M0026,E00022,3,45,45,10
M0027,E00010,3,45,45,1
M0027,E01618,3,45,45,2
M0027,E01610,3,45,45,3
M0027,E01469,3,45,45,4
M0027,E01309,3,45,45,5
M0027,E01841,3,45,45,6
M0027,E01618,3,45,45,7
M0027,E01309,3,45,45,8
M0027,E01308,3,45,45,9
M0027,E01610,3,45,45,10
M0027,E00061,3,45,45,11
M0027,E01602,3,45,45,12
M0027,E01657,3,45,45,13
M0027,E02177,3,45,45,14
M0027,E01875,3,45,45,15
M0027,E01841,3,45,45,16
M0027,E00061,3,45,45,17
M0027,E01618,3,45,45,18
M0027,E01308,3,45,45,19
M0027,E01798,3,45,45,20
M0028,E02269,3,45,45,1
M0028,E01274,3,45,45,2
M0028,E01699,3,45,45,3
M0028,E00572,3,45,45,4
M0028,E00299,3,45,45,5
M0028,E00405,3,45,45,6
M0028,E00122,3,45,45,7
M0028,E00851,3,45,45,8
M0028,E00513,3,45,45,9
M0028,E00206,3,45,45,10
M0028,E01561,3,45,45,11
M0028,E01213,3,45,45,12
M0028,E00618,3,45,45,13
M0028,E01136,3,45,45,14
M0028,E00390,3,45,45,15
M0028,E01696,3,45,45,16
M0029,E00252,3,45,45,1
M0029,E01735,3,45,45,2
M0029,E00005,3,45,45,3
M0029,E01396,3,45,45,4
M0029,E01136,3,45,45,5
M0029,E01719,3,45,45,6
M0029,E01753,3,45,45,7
M0029,E01696,3,45,45,8
M0029,E00438,3,45,45,9
M0029,E01590,3,45,45,10
M0029,E01810,3,45,45,11
M0030,E00974,3,45,45,1
M0030,E01634,3,45,45,2
M0030,E01691,3,45,45,3
M0030,E00902,3,45,45,4
M0030,E00460,3,45,45,5
M0030,E02033,3,45,45,6
M0030,E02524,3,45,45,7
M0030,E00066,3,45,45,8
M0030,E02342,3,45,45,9
M0030,E00044,3,45,45,10
M0030,E01969,3,45,45,11
M0030,E01412,3,45,45,12
M0030,E00172,3,45,45,13
M0030,E00711,3,45,45,14
M0030,E01582,3,45,45,15
M0030,E01011,3,45,45,16
M0031,E01262,3,45,45,1
M0031,E00598,3,45,45,2
M0031,E01866,3,45,45,3
M0031,E00389,3,45,45,4
M0031,E01696,3,45,45,5
M0031,E01998,3,45,45,6
M0031,E01935,3,45,45,7
M0031,E00517,3,45,45,8
M0031,E01090,3,45,45,9
M0031,E00197,3,45,45,10
M0031,E01406,3,45,45,11
M0032,E00418,3,45,45,1
M0032,E02206,3,45,45,2
M0032,E00492,3,45,45,3
M0032,E00034,3,45,45,4
M0032,E00750,3,45,45,5
M0032,E01564,3,45,45,6
M0032,E01439,3,45,45,7
M0032,E00290,3,45,45,8
M0032,E00645,3,45,45,9
M0032,E01592,3,45,45,10
M0032,E02257,3,45,45,11
M0032,E01281,3,45,45,12
M0032,E01116,3,45,45,13
M0032,E01868,3,45,45,14
M0033,E00755,3,45,45,1
M0033,E02432,3,45,45,2
M0033,E00219,3,45,45,3
M0033,E01212,3,45,45,4
M0033,E01703,3,45,45,5
M0033,E00219,3,45,45,6
M0033,E01586,3,45,45,7
M0033,E01588,3,45,45,8
M0033,E01589,3,45,45,9
M0033,E01557,3,45,45,10
M0033,E02432,3,45,45,11
M0034,E02465,3,45,45,1
M0034,E01657,3,45,45,2
M0034,E01822,3,45,45,3
M0034,E02430,3,45,45,4
M0034,E02324,3,45,45,5
M0034,E01606,3,45,45,6
M0034,E00540,3,45,45,7
M0034,E01875,3,45,45,8
M0034,E01657,3,45,45,9
M0034,E00202,3,45,45,10
M0034,E01841,3,45,45,11
M0034,E01138,3,45,45,12
M0034,E01283,3,45,45,13
M0034,E01762,3,45,45,14
M0034,E00377,3,45,45,15
M0034,E01938,3,45,45,16
M0034,E01968,3,45,45,17
M0034,E01855,3,45,45,18
M0034,E01583,3,45,45,19
M0034,E01308,3,45,45,20
M0034,E00061,3,45,45,21
M0034,E00061,3,45,45,22
M0034,E00061,3,45,45,23
M0034,E02466,3,45,45,24
M0035,E00797,3,45,45,1
M0035,E01770,3,45,45,2
M0035,E01569,3,45,45,3
M0035,E00188,3,45,45,4
M0035,E00005,3,45,45,5
M0035,E01037,3,45,45,6
M0035,E00208,3,45,45,7
M0035,E01372,3,45,45,8
M0035,E00581,3,45,45,9
M0035,E00114,3,45,45,10
M0035,E01137,3,45,45,11
M0035,E00701,3,45,45,12
M0035,E01754,3,45,45,13
M0035,E01293,3,45,45,14
M0036,E01259,3,45,45,1
M0036,E01569,3,45,45,2
M0036,E01259,3,45,45,3
M0036,E00227,3,45,45,4
M0036,E01706,3,45,45,5
M0036,E01720,3,45,45,6
M0037,E01140,3,45,45,1
M0037,E02436,3,45,45,2
M0037,E01149,3,45,45,3
M0037,E00157,3,45,45,4
M0037,E00154,3,45,45,5
M0037,E01544,3,45,45,6
M0037,E00644,3,45,45,7
M0037,E01710,3,45,45,8
M0037,E01138,3,45,45,9
M0037,E00655,3,45,45,10
M0037,E00040,3,45,45,11
M0037,E01322,3,45,45,12
M0037,E01341,3,45,45,13
M0037,E01475,3,45,45,14
M0038,E02175,3,45,45,1
M0038,E02157,3,45,45,2
M0038,E01471,3,45,45,3
M0038,E01924,3,45,45,4
M0038,E00478,3,45,45,5
M0038,E01333,3,45,45,6
M0038,E01909,3,45,45,7
M0038,E01526,3,45,45,8
M0038,E00774,3,45,45,9
M0038,E00162,3,45,45,10
M0038,E01982,3,45,45,11
M0038,E02070,3,45,45,12
M0038,E00149,3,45,45,13
M0038,E01550,3,45,45,14
M0039,E02443,3,45,45,1
M0039,E01225,3,45,45,2
M0039,E00606,3,45,45,3
M0039,E00702,3,45,45,4
M0039,E02227,3,45,45,5
M0039,E01756,3,45,45,6
M0039,E00055,3,45,45,7
M0039,E01109,3,45,45,8
M0039,E01259,3,45,45,9
M0039,E00324,3,45,45,10
M0039,E01045,3,45,45,11
M0039,E01450,3,45,45,12
M0040,E00926,3,45,45,1
M0040,E01090,3,45,45,2
M0040,E01107,3,45,45,3
M0040,E00861,3,45,45,4
M0040,E00040,3,45,45,5
M0040,E00040,3,45,45,6
M0040,E01444,3,45,45,7
M0041,E01567,3,45,45,1
M0041,E01582,3,45,45,2
M0041,E01557,3,45,45,3
M0041,E00827,3,45,45,4
M0041,E00214,3,45,45,5
M0041,E00194,3,45,45,6
M0041,E02184,3,45,45,7
M0041,E00091,3,45,45,8
M0042,E01711,3,45,45,1
M0042,E01709,3,45,45,2
M0042,E01516,3,45,45,3
M0042,E01557,3,45,45,4
M0042,E00117,3,45,45,5
M0042,E00213,3,45,45,6
M0042,E00860,3,45,45,7
M0042,E00213,3,45,45,8
M0042,E01557,3,45,45,9
M0042,E01557,3,45,45,10
M0042,E00091,3,45,45,11
M0042,E00160,3,45,45,12
M0042,E01126,3,45,45,13
M0042,E00772,3,45,45,14
M0042,E01557,3,45,45,15
M0043,E00154,3,45,45,1
M0043,E01444,3,45,45,2
M0043,E02345,3,45,45,3
M0043,E00054,3,45,45,4
M0043,E00772,3,45,45,5
M0043,E02446,3,45,45,6
M0043,E01931,3,45,45,7
M0043,E02220,3,45,45,8
M0043,E01838,3,45,45,9
M0043,E00040,3,45,45,10
M0043,E00120,3,45,45,11
M0043,E02541,3,45,45,12
M0044,E01144,3,45,45,1
M0044,E01430,3,45,45,2
M0044,E01414,3,45,45,3
M0044,E02002,3,45,45,4
M0044,E01505,3,45,45,5
M0044,E02408,3,45,45,6
M0044,E00057,3,45,45,7
M0044,E01484,3,45,45,8
M0044,E00685,3,45,45,9
M0044,E01264,3,45,45,10
M0044,E00902,3,45,45,11
M0044,E00178,3,45,45,12
M0045,E01295,3,45,45,1
M0045,E00812,3,45,45,2
M0045,E00073,3,45,45,3
M0045,E01540,3,45,45,4
M0045,E01598,3,45,45,5
M0045,E00883,3,45,45,6
M0045,E02156,3,45,45,7
M0045,E00774,3,45,45,8
M0045,E02464,3,45,45,9
M0045,E00953,3,45,45,10
M0045,E02481,3,45,45,11
M0045,E00146,3,45,45,12
M0045,E01998,3,45,45,13
M0046,E01381,3,45,45,1
M0046,E01470,3,45,45,2
M0046,E01308,3,45,45,3
M0046,E02302,3,45,45,4
M0046,E01632,3,45,45,5
M0046,E01308,3,45,45,6
M0046,E01308,3,45,45,7
M0046,E00411,3,45,45,8
M0046,E01308,3,45,45,9
M0046,E00689,3,45,45,10
M0046,E01308,3,45,45,11
M0046,E01830,3,45,45,12
M0046,E01760,3,45,45,13
M0046,E00061,3,45,45,14
M0046,E01376,3,45,45,15
M0046,E01375,3,45,45,16
M0046,E00013,3,45,45,17
M0046,E01309,3,45,45,18
M0046,E00248,3,45,45,19
M0047,E01841,3,45,45,1
M0047,E00866,3,45,45,2
M0047,E01610,3,45,45,3
M0047,E01875,3,45,45,4
M0047,E01141,3,45,45,5
M0047,E00061,3,45,45,6
M0047,E01602,3,45,45,7
M0047,E01309,3,45,45,8
M0047,E00061,3,45,45,9
M0047,E02009,3,45,45,10
M0047,E01308,3,45,45,11
M0047,E01602,3,45,45,12
M0047,E01875,3,45,45,13
M0047,E01470,3,45,45,14
M0047,E01875,3,45,45,15
M0047,E00061,3,45,45,16
M0047,E01657,3,45,45,17
M0047,E01602,3,45,45,18
M0047,E01657,3,45,45,19
M0047,E01602,3,45,45,20
M0047,E01663,3,45,45,21
M0047,E00061,3,45,45,22
M0048,E01110,3,45,45,1
M0048,E01269,3,45,45,2
M0048,E01487,3,45,45,3
M0048,E01147,3,45,45,4
M0048,E01441,3,45,45,5
M0048,E00922,3,45,45,6
M0048,E01517,3,45,45,7
M0048,E01211,3,45,45,8
M0048,E01149,3,45,45,9
M0048,E01568,3,45,45,10
M0048,E01557,3,45,45,11
M0048,E00832,3,45,45,12
M0048,E01767,3,45,45,13
M0048,E01210,3,45,45,14
M0049,E01699,3,45,45,1
M0049,E00126,3,45,45,2
M0049,E02257,3,45,45,3
M0049,E00478,3,45,45,4
M0049,E00655,3,45,45,5
M0049,E00611,3,45,45,6
M0049,E01734,3,45,45,7
M0049,E00645,3,45,45,8
M0049,E00403,3,45,45,9
M0049,E01727,3,45,45,10
M0049,E00645,3,45,45,11
M0049,E02376,3,45,45,12
M0049,E00314,3,45,45,13
M0049,E00534,3,45,45,14
M0049,E01396,3,45,45,15
M0049,E00642,3,45,45,16
M0049,E01405,3,45,45,17
M0050,E02054,3,45,45,1
M0050,E01632,3,45,45,2
M0050,E01716,3,45,45,3
M0050,E01294,3,45,45,4
M0050,E00436,3,45,45,5
M0050,E00235,3,45,45,6
M0050,E01263,3,45,45,7
M0050,E01718,3,45,45,8
M0050,E00502,3,45,45,9
M0050,E01176,3,45,45,10
M0050,E01715,3,45,45,11
M0051,E00647,3,45,45,1
M0051,E00081,3,45,45,2
M0051,E00822,3,45,45,3
M0051,E02261,3,45,45,4
M0051,E00797,3,45,45,5
M0051,E01926,3,45,45,6
M0051,E00995,3,45,45,7
M0051,E01637,3,45,45,8
M0051,E02519,3,45,45,9
M0051,E00066,3,45,45,10
M0051,E02376,3,45,45,11
M0051,E01972,3,45,45,12
M0051,E01538,3,45,45,13
M0051,E00852,3,45,45,14
M0052,E00632,3,45,45,1
M0052,E00295,3,45,45,2
M0052,E01426,3,45,45,3
M0052,E01962,3,45,45,4
M0052,E00159,3,45,45,5
M0052,E01679,3,45,45,6
M0052,E02538,3,45,45,7
M0052,E01810,3,45,45,8
M0052,E01642,3,45,45,9
M0052,E00050,3,45,45,10
M0052,E00177,3,45,45,11
M0052,E01336,3,45,45,12
M0053,E00608,3,45,45,1
M0053,E00009,3,45,45,2
M0053,E02473,3,45,45,3
M0053,E01351,3,45,45,4
M0053,E00165,3,45,45,5
M0053,E00123,3,45,45,6
M0053,E00802,3,45,45,7
M0053,E02044,3,45,45,8
M0053,E02181,3,45,45,9
M0053,E01312,3,45,45,10
M0053,E02383,3,45,45,11
M0053,E01990,3,45,45,12
M0053,E01684,3,45,45,13
M0054,E00015,3,45,45,1
M0054,E01610,3,45,45,2
M0054,E01309,3,45,45,3
M0054,E01197,3,45,45,4
M0054,E01610,3,45,45,5
M0054,E00061,3,45,45,6
M0054,E00012,3,45,45,7
M0054,E01606,3,45,45,8
M0054,E00061,3,45,45,9
M0054,E00061,3,45,45,10
M0054,E01309,3,45,45,11
M0054,E01606,3,45,45,12
M0054,E00015,3,45,45,13
M0054,E01841,3,45,45,14
M0054,E02198,3,45,45,15
M0054,E00976,3,45,45,16
M0054,E00711,3,45,45,17
M0054,E00061,3,45,45,18
M0054,E00287,3,45,45,19
M0054,E01308,3,45,45,20
M0054,E01861,3,45,45,21
M0054,E01606,3,45,45,22
M0055,E01057,3,45,45,1
M0055,E01581,3,45,45,2
M0055,E02269,3,45,45,3
M0055,E01738,3,45,45,4
M0055,E00494,3,45,45,5
M0055,E01753,3,45,45,6
M0055,E01084,3,45,45,7
M0055,E01136,3,45,45,8
M0055,E01776,3,45,45,9
M0055,E02317,3,45,45,10
M0055,E01746,3,45,45,11
M0055,E01767,3,45,45,12
M0055,E02103,3,45,45,13
M0055,E00787,3,45,45,14
M0055,E00304,3,45,45,15
M0055,E01958,3,45,45,16
M0055,E01173,3,45,45,17
M0056,E01610,3,45,45,1
M0056,E00838,3,45,45,2
M0056,E01657,3,45,45,3
M0056,E01647,3,45,45,4
M0056,E00013,3,45,45,5
M0056,E01626,3,45,45,6
M0056,E01308,3,45,45,7
M0056,E00061,3,45,45,8
M0056,E01370,3,45,45,9
M0056,E01610,3,45,45,10
M0056,E01602,3,45,45,11
M0056,E01309,3,45,45,12
M0056,E01309,3,45,45,13
M0056,E00386,3,45,45,14
M0056,E00061,3,45,45,15
M0056,E01610,3,45,45,16
M0056,E00061,3,45,45,17
M0056,E01309,3,45,45,18
M0056,E01618,3,45,45,19
M0056,E00061,3,45,45,20
M0056,E01362,3,45,45,21
M0056,E00828,3,45,45,22
M0057,E02269,3,45,45,1
M0057,E00005,3,45,45,2
M0057,E01114,3,45,45,3
M0057,E01494,3,45,45,4
M0057,E01699,3,45,45,5
M0057,E01375,3,45,45,6
M0057,E01749,3,45,45,7
M0057,E01391,3,45,45,8
M0057,E00266,3,45,45,9
M0057,E00211,3,45,45,10
M0057,E01590,3,45,45,11
M0057,E00761,3,45,45,12
M0057,E00716,3,45,45,13
M0058,E02042,3,45,45,1
M0058,E00069,3,45,45,2
M0058,E02006,3,45,45,3
M0058,E00684,3,45,45,4
M0058,E01962,3,45,45,5
M0058,E01071,3,45,45,6
M0058,E00136,3,45,45,7
M0058,E01362,3,45,45,8
M0058,E00202,3,45,45,9
M0058,E02122,3,45,45,10
M0058,E01095,3,45,45,11
M0058,E01902,3,45,45,12
M0058,E01532,3,45,45,13
M0058,E02346,3,45,45,14
M0059,E00248,3,45,45,1
M0059,E01568,3,45,45,2
M0059,E00309,3,45,45,3
M0059,E00150,3,45,45,4
M0059,E00145,3,45,45,5
M0059,E01283,3,45,45,6
M0059,E01564,3,45,45,7
M0059,E01495,3,45,45,8
M0059,E01590,3,45,45,9
M0059,E00731,3,45,45,10
M0059,E01397,3,45,45,11
M0059,E01732,3,45,45,12
M0060,E01875,3,45,45,1
M0060,E01429,3,45,45,2
M0060,E01308,3,45,45,3
M0060,E00406,3,45,45,4
M0060,E01309,3,45,45,5
M0060,E01076,3,45,45,6
M0060,E02372,3,45,45,7
M0060,E01414,3,45,45,8
M0060,E00061,3,45,45,9
M0060,E00061,3,45,45,10
M0060,E01610,3,45,45,11
M0060,E00572,3,45,45,12
M0060,E01583,3,45,45,13
M0060,E01610,3,45,45,14
M0060,E02451,3,45,45,15
M0060,E00061,3,45,45,16
M0060,E01606,3,45,45,17
M0060,E00061,3,45,45,18
M0060,E01632,3,45,45,19
M0061,E01588,3,45,45,1
M0061,E00713,3,45,45,2
M0061,E01709,3,45,45,3
M0061,E02418,3,45,45,4
M0061,E01557,3,45,45,5
M0061,E02101,3,45,45,6
M0061,E01259,3,45,45,7
M0061,E01709,3,45,45,8
M0062,E02113,3,45,45,1
M0062,E01557,3,45,45,2
M0062,E00827,3,45,45,3
M0062,E00156,3,45,45,4
M0062,E01126,3,45,45,5
M0062,E02217,3,45,45,6
M0062,E02296,3,45,45,7
M0062,E00159,3,45,45,8
M0062,E01126,3,45,45,9
M0062,E02222,3,45,45,10
M0062,E01582,3,45,45,11
M0062,E00625,3,45,45,12
M0062,E00709,3,45,45,13
M0062,E02101,3,45,45,14
M0062,E00224,3,45,45,15
M0063,E00818,3,45,45,1
M0063,E01710,3,45,45,2
M0063,E00081,3,45,45,3
M0063,E00040,3,45,45,4
M0063,E02099,3,45,45,5
M0063,E01456,3,45,45,6
M0063,E01142,3,45,45,7
M0063,E01484,3,45,45,8
M0063,E01012,3,45,45,9
M0063,E01458,3,45,45,10
M0063,E00984,3,45,45,11
M0063,E00213,3,45,45,12
M0063,E00798,3,45,45,13
M0063,E01572,3,45,45,14
M0063,E01303,3,45,45,15
M0063,E00040,3,45,45,16
M0064,E01884,3,45,45,1
M0064,E01569,3,45,45,2
M0064,E00057,3,45,45,3
M0064,E01843,3,45,45,4
M0064,E01273,3,45,45,5
M0064,E00265,3,45,45,6
M0064,E00978,3,45,45,7
M0064,E01447,3,45,45,8
M0064,E01497,3,45,45,9
M0064,E01597,3,45,45,10
M0064,E00307,3,45,45,11
M0064,E00133,3,45,45,12
M0064,E00677,3,45,45,13
M0064,E00179,3,45,45,14
M0064,E01795,3,45,45,15
M0064,E02031,3,45,45,16
M0065,E01126,3,45,45,1
M0065,E00091,3,45,45,2
M0065,E00706,3,45,45,3
M0065,E01149,3,45,45,4
M0066,E01107,3,45,45,1
M0066,E01117,3,45,45,2
M0066,E00040,3,45,45,3
M0066,E01653,3,45,45,4
M0066,E01782,3,45,45,5
M0066,E00040,3,45,45,6
M0066,E01484,3,45,45,7
M0066,E00832,3,45,45,8
M0066,E02101,3,45,45,9
M0066,E00040,3,45,45,10
M0066,E02015,3,45,45,11
M0066,E00040,3,45,45,12
M0066,E00040,3,45,45,13
M0066,E02074,3,45,45,14
M0066,E00921,3,45,45,15
M0067,E01305,3,45,45,1
M0067,E02482,3,45,45,2
M0067,E02327,3,45,45,3
M0067,E01034,3,45,45,4
M0067,E01803,3,45,45,5
M0067,E00598,3,45,45,6
M0067,E00849,3,45,45,7
M0067,E01092,3,45,45,8
M0067,E02538,3,45,45,9
M0067,E02189,3,45,45,10
M0067,E01249,3,45,45,11
M0068,E00460,3,45,45,1
M0068,E01216,3,45,45,2
M0068,E00228,3,45,45,3
M0068,E00429,3,45,45,4
M0068,E00162,3,45,45,5
M0068,E01753,3,45,45,6
M0068,E00542,3,45,45,7
M0068,E00653,3,45,45,8
M0068,E01069,3,45,45,9
M0068,E01762,3,45,45,10
M0068,E01495,3,45,45,11
M0068,E00106,3,45,45,12
M0068,E00169,3,45,45,13
M0068,E01729,3,45,45,14
M0068,E01128,3,45,45,15
M0069,E01563,3,45,45,1
M0069,E00061,3,45,45,2
M0069,E00243,3,45,45,3
M0069,E00015,3,45,45,4
M0069,E00012,3,45,45,5
M0069,E01309,3,45,45,6
M0069,E01308,3,45,45,7
M0069,E00537,3,45,45,8
M0069,E01308,3,45,45,9
M0069,E00061,3,45,45,10
M0069,E00831,3,45,45,11
M0069,E00015,3,45,45,12
M0069,E01041,3,45,45,13
M0069,E00061,3,45,45,14
M0069,E00061,3,45,45,15
M0069,E00029,3,45,45,16
M0069,E01120,3,45,45,17
M0069,E00015,3,45,45,18
M0070,E01197,3,45,45,1
M0070,E01259,3,45,45,2
M0070,E01657,3,45,45,3
M0070,E00012,3,45,45,4
M0070,E00879,3,45,45,5
M0070,E01875,3,45,45,6
M0070,E00061,3,45,45,7
M0070,E01875,3,45,45,8
M0070,E01875,3,45,45,9
M0070,E00823,3,45,45,10
M0070,E00876,3,45,45,11
M0070,E00010,3,45,45,12
M0070,E01608,3,45,45,13
M0070,E01602,3,45,45,14
M0070,E00194,3,45,45,15
M0070,E01657,3,45,45,16
M0070,E00015,3,45,45,17
M0070,E01602,3,45,45,18
M0071,E01610,3,45,45,1
M0071,E00703,3,45,45,2
M0071,E01610,3,45,45,3
M0071,E01610,3,45,45,4
M0071,E00012,3,45,45,5
M0071,E01875,3,45,45,6
M0071,E01841,3,45,45,7
M0071,E01841,3,45,45,8
M0071,E01602,3,45,45,9
M0071,E00044,3,45,45,10
M0071,E01606,3,45,45,11
M0071,E01103,3,45,45,12
M0071,E01602,3,45,45,13
M0071,E02030,3,45,45,14
M0071,E02031,3,45,45,15
M0071,E00445,3,45,45,16
M0071,E00684,3,45,45,17
M0071,E01606,3,45,45,18
M0071,E01841,3,45,45,19
M0071,E01875,3,45,45,20
M0071,E00627,3,45,45,21
M0071,E01610,3,45,45,22
M0071,E01657,3,45,45,23
M0071,E01196,3,45,45,24
M0072,E01135,3,45,45,1
M0072,E00819,3,45,45,2
M0072,E01087,3,45,45,3
M0072,E01202,3,45,45,4
M0072,E01202,3,45,45,5
M0072,E01177,3,45,45,6
M0072,E02541,3,45,45,7
M0072,E01581,3,45,45,8
M0073,E00486,3,45,45,1
M0073,E01261,3,45,45,2
M0073,E01722,3,45,45,3
M0073,E01731,3,45,45,4
M0073,E00143,3,45,45,5
M0073,E00437,3,45,45,6
M0073,E01829,3,45,45,7
M0073,E00723,3,45,45,8
M0073,E02206,3,45,45,9
M0073,E00990,3,45,45,10
M0073,E00750,3,45,45,11
M0073,E00532,3,45,45,12
M0073,E01590,3,45,45,13
M0073,E00123,3,45,45,14
M0073,E01984,3,45,45,15
M0074,E01136,3,45,45,1
M0074,E00770,3,45,45,2
M0074,E01699,3,45,45,3
M0074,E00005,3,45,45,4
M0074,E01262,3,45,45,5
M0074,E02045,3,45,45,6
M0074,E01284,3,45,45,7
M0074,E00444,3,45,45,8
M0074,E02350,3,45,45,9
M0074,E00644,3,45,45,10
M0074,E01506,3,45,45,11
M0074,E00492,3,45,45,12
M0075,E00764,3,45,45,1
M0075,E01595,3,45,45,2
M0075,E01203,3,45,45,3
M0075,E01049,3,45,45,4
M0075,E00483,3,45,45,5
M0075,E01276,3,45,45,6
M0075,E01427,3,45,45,7
M0075,E01769,3,45,45,8
M0075,E00140,3,45,45,9
M0075,E00506,3,45,45,10
M0075,E00319,3,45,45,11
M0075,E02207,3,45,45,12
M0075,E02118,3,45,45,13
M0075,E01294,3,45,45,14
M0075,E01286,3,45,45,15
M0075,E01216,3,45,45,16
M0076,E00199,3,45,45,1
M0076,E01198,3,45,45,2
M0076,E00223,3,45,45,3
M0076,E00512,3,45,45,4
M0076,E01048,3,45,45,5
M0076,E01222,3,45,45,6
M0076,E00219,3,45,45,7
M0076,E00160,3,45,45,8
M0077,E00359,3,45,45,1
M0077,E00757,3,45,45,2
M0077,E01054,3,45,45,3
M0077,E01214,3,45,45,4
M0077,E01145,3,45,45,5
M0077,E01652,3,45,45,6
M0077,E01769,3,45,45,7
M0077,E00115,3,45,45,8
M0077,E01294,3,45,45,9
M0077,E01697,3,45,45,10
M0077,E01736,3,45,45,11
M0078,E00704,3,45,45,1
M0078,E00061,3,45,45,2
M0078,E02128,3,45,45,3
M0078,E00061,3,45,45,4
M0078,E01657,3,45,45,5
M0078,E01460,3,45,45,6
M0078,E01465,3,45,45,7
M0078,E02100,3,45,45,8
M0078,E00828,3,45,45,9
M0078,E01619,3,45,45,10
M0078,E01657,3,45,45,11
M0078,E00596,3,45,45,12
M0078,E01308,3,45,45,13
M0078,E01536,3,45,45,14
M0078,E00061,3,45,45,15
M0078,E01309,3,45,45,16
M0078,E00061,3,45,45,17
M0078,E01648,3,45,45,18
M0078,E01636,3,45,45,19
M0078,E01309,3,45,45,20
M0078,E01610,3,45,45,21
M0078,E01531,3,45,45,22
M0078,E01308,3,45,45,23
M0078,E02394,3,45,45,24
M0079,E01657,3,45,45,1
M0079,E00061,3,45,45,2
M0079,E01561,3,45,45,3
M0079,E01309,3,45,45,4
M0079,E01657,3,45,45,5
M0079,E01657,3,45,45,6
M0079,E01627,3,45,45,7
M0079,E00061,3,45,45,8
M0079,E01308,3,45,45,9
M0079,E01619,3,45,45,10
M0079,E00061,3,45,45,11
M0079,E01875,3,45,45,12
M0079,E01610,3,45,45,13
M0079,E01610,3,45,45,14
M0079,E01841,3,45,45,15
M0079,E01643,3,45,45,16
M0079,E01636,3,45,45,17
M0079,E01657,3,45,45,18
M0079,E01641,3,45,45,19
M0079,E01308,3,45,45,20
M0079,E01657,3,45,45,21
M0079,E00061,3,45,45,22
M0080,E00726,3,45,45,1
M0080,E00005,3,45,45,2
M0080,E01743,3,45,45,3
M0080,E01746,3,45,45,4
M0080,E00408,3,45,45,5
M0080,E00770,3,45,45,6
M0080,E01992,3,45,45,7
M0080,E00263,3,45,45,8
M0080,E00703,3,45,45,9
M0080,E01940,3,45,45,10
M0080,E01136,3,45,45,11
M0081,E00835,3,45,45,1
M0081,E00393,3,45,45,2
M0081,E01500,3,45,45,3
M0081,E02035,3,45,45,4
M0081,E01180,3,45,45,5
M0081,E01769,3,45,45,6
M0081,E00622,3,45,45,7
M0081,E01257,3,45,45,8
M0081,E00511,3,45,45,9
M0081,E01474,3,45,45,10
M0081,E00479,3,45,45,11
M0081,E00624,3,45,45,12
M0082,E00928,3,45,45,1
M0082,E01774,3,45,45,2
M0082,E01518,3,45,45,3
M0082,E00224,3,45,45,4
M0082,E01444,3,45,45,5
M0082,E00219,3,45,45,6
M0082,E00832,3,45,45,7
M0082,E01729,3,45,45,8
M0082,E00040,3,45,45,9
M0082,E02033,3,45,45,10
M0082,E01487,3,45,45,11
M0082,E01583,3,45,45,12
M0082,E00040,3,45,45,13
M0082,E00223,3,45,45,14
M0083,E01255,3,45,45,1
M0083,E00928,3,45,45,2
M0083,E00227,3,45,45,3
M0083,E01255,3,45,45,4
M0083,E01569,3,45,45,5
M0083,E01355,3,45,45,6
M0083,E02457,3,45,45,7
M0083,E01897,3,45,45,8
M0084,E01735,3,45,45,1
M0084,E02457,3,45,45,2
M0084,E01706,3,45,45,3
M0084,E01209,3,45,45,4
M0084,E02099,3,45,45,5
M0084,E01570,3,45,45,6
M0084,E00040,3,45,45,7
M0084,E01206,3,45,45,8
M0084,E00040,3,45,45,9
M0084,E01441,3,45,45,10
M0085,E01473,3,45,45,1
M0085,E00449,3,45,45,2
M0085,E02515,3,45,45,3
M0085,E00002,3,45,45,4
M0085,E02004,3,45,45,5
M0085,E02003,3,45,45,6
M0085,E01413,3,45,45,7
M0085,E00629,3,45,45,8
M0085,E00511,3,45,45,9
M0085,E00329,3,45,45,10
M0085,E01999,3,45,45,11
M0085,E02022,3,45,45,12
M0085,E02406,3,45,45,13
M0085,E00016,3,45,45,14
M0085,E00252,3,45,45,15
M0085,E01245,3,45,45,16
M0085,E00165,3,45,45,17
M0086,E02445,3,45,45,1
M0086,E02503,3,45,45,2
M0086,E00427,3,45,45,3
M0086,E01719,3,45,45,4
M0086,E01216,3,45,45,5
M0086,E01749,3,45,45,6
M0086,E00404,3,45,45,7
M0086,E01648,3,45,45,8
M0086,E00474,3,45,45,9
M0086,E01749,3,45,45,10
M0086,E01739,3,45,45,11
M0086,E02503,3,45,45,12
M0086,E02253,3,45,45,13
M0086,E01280,3,45,45,14
M0086,E01530,3,45,45,15
M0087,E01580,3,45,45,1
M0087,E01631,3,45,45,2
M0087,E01395,3,45,45,3
M0087,E01740,3,45,45,4
M0087,E02077,3,45,45,5
M0087,E01747,3,45,45,6
M0087,E01287,3,45,45,7
M0087,E01750,3,45,45,8
M0087,E00621,3,45,45,9
M0087,E01378,3,45,45,10
M0087,E01744,3,45,45,11
M0087,E00361,3,45,45,12
M0087,E02447,3,45,45,13
M0087,E00082,3,45,45,14
M0087,E01286,3,45,45,15
M0087,E01054,3,45,45,16
M0088,E01569,3,45,45,1
M0088,E01606,3,45,45,2
M0088,E00015,3,45,45,3
M0088,E01071,3,45,45,4
M0088,E00061,3,45,45,5
M0088,E02333,3,45,45,6
M0088,E00061,3,45,45,7
M0088,E00061,3,45,45,8
M0088,E00061,3,45,45,9
M0088,E00061,3,45,45,10
M0088,E01606,3,45,45,11
M0088,E01309,3,45,45,12
M0088,E01308,3,45,45,13
M0088,E01966,3,45,45,14
M0088,E00682,3,45,45,15
M0088,E01841,3,45,45,16
M0088,E01841,3,45,45,17
M0088,E02377,3,45,45,18
M0088,E01624,3,45,45,19
M0088,E01309,3,45,45,20
M0089,E01718,3,45,45,1
M0089,E00607,3,45,45,2
M0089,E00225,3,45,45,3
M0089,E01478,3,45,45,4
M0089,E01706,3,45,45,5
M0089,E01706,3,45,45,6
M0089,E00227,3,45,45,7
M0089,E00040,3,45,45,8
M0090,E02249,3,45,45,1
M0090,E01261,3,45,45,2
M0090,E00616,3,45,45,3
M0090,E01566,3,45,45,4
M0090,E01496,3,45,45,5
M0090,E00598,3,45,45,6
M0090,E01722,3,45,45,7
M0090,E01596,3,45,45,8
M0090,E00312,3,45,45,9
M0090,E00407,3,45,45,10
M0090,E00437,3,45,45,11
M0090,E00023,3,45,45,12
M0090,E00175,3,45,45,13
M0090,E01262,3,45,45,14
M0090,E01745,3,45,45,15
M0090,E00266,3,45,45,16
M0091,E00052,3,45,45,1
M0091,E00834,3,45,45,2
M0091,E00231,3,45,45,3
M0091,E01175,3,45,45,4
M0091,E01137,3,45,45,5
M0091,E01260,3,45,45,6
M0091,E01137,3,45,45,7
M0091,E01566,3,45,45,8
M0091,E00545,3,45,45,9
M0091,E01036,3,45,45,10
M0091,E00489,3,45,45,11
M0091,E00834,3,45,45,12
M0091,E00278,3,45,45,13
M0091,E02181,3,45,45,14
M0091,E01160,3,45,45,15
M0092,E01441,3,45,45,1
M0092,E01501,3,45,45,2
M0092,E00081,3,45,45,3
M0092,E01690,3,45,45,4
M0092,E01355,3,45,45,5
M0092,E01361,3,45,45,6
M0093,E01583,3,45,45,1
M0093,E01467,3,45,45,2
M0093,E01588,3,45,45,3
M0093,E00571,3,45,45,4
M0093,E01212,3,45,45,5
M0093,E01588,3,45,45,6
M0093,E02432,3,45,45,7
M0093,E01583,3,45,45,8
M0093,E00644,3,45,45,9
M0093,E01588,3,45,45,10
M0093,E01674,3,45,45,11
M0093,E00020,3,45,45,12
M0093,E01557,3,45,45,13
M0093,E00156,3,45,45,14
M0093,E00761,3,45,45,15
M0093,E00827,3,45,45,16
M0094,E00040,3,45,45,1
M0094,E01305,3,45,45,2
M0094,E01441,3,45,45,3
M0094,E01302,3,45,45,4
M0094,E01108,3,45,45,5
M0094,E00644,3,45,45,6
M0094,E01303,3,45,45,7
M0094,E01303,3,45,45,8
M0094,E00081,3,45,45,9
M0095,E01301,3,45,45,1
M0095,E01301,3,45,45,2
M0095,E00921,3,45,45,3
M0095,E01406,3,45,45,4
M0095,E00897,3,45,45,5
M0095,E01207,3,45,45,6
M0095,E00772,3,45,45,7
M0095,E02457,3,45,45,8
M0095,E00040,3,45,45,9
M0095,E00040,3,45,45,10
M0095,E01218,3,45,45,11
M0095,E00040,3,45,45,12
M0095,E02099,3,45,45,13
M0095,E01117,3,45,45,14
M0095,E01090,3,45,45,15
M0095,E02429,3,45,45,16
M0096,E01588,3,45,45,1
M0096,E01581,3,45,45,2
M0096,E00235,3,45,45,3
M0096,E00213,3,45,45,4
M0096,E00049,3,45,45,5
M0096,E01212,3,45,45,6
M0096,E00644,3,45,45,7
M0096,E00625,3,45,45,8
M0096,E01588,3,45,45,9
M0096,E01557,3,45,45,10
M0097,E00061,3,45,45,1
M0097,E01309,3,45,45,2
M0097,E01308,3,45,45,3
M0097,E01875,3,45,45,4
M0097,E00061,3,45,45,5
M0097,E01602,3,45,45,6
M0097,E00061,3,45,45,7
M0097,E01602,3,45,45,8
M0097,E01606,3,45,45,9
M0097,E00061,3,45,45,10
M0097,E01939,3,45,45,11
M0097,E01606,3,45,45,12
M0097,E00061,3,45,45,13
M0097,E00012,3,45,45,14
M0097,E01265,3,45,45,15
M0097,E01465,3,45,45,16
M0097,E00671,3,45,45,17
M0097,E01610,3,45,45,18
M0097,E01308,3,45,45,19
M0097,E00061,3,45,45,20
M0097,E01657,3,45,45,21
M0097,E01454,3,45,45,22
M0098,E01138,3,45,45,1
M0098,E00922,3,45,45,2
M0098,E01518,3,45,45,3
M0098,E01355,3,45,45,4
M0098,E00040,3,45,45,5
M0098,E01484,3,45,45,6
M0098,E01352,3,45,45,7
M0098,E01406,3,45,45,8
M0098,E01090,3,45,45,9
M0098,E00832,3,45,45,10
M0098,E01352,3,45,45,11
M0098,E01568,3,45,45,12
M0098,E01148,3,45,45,13
M0098,E02170,3,45,45,14
M0098,E01040,3,45,45,15
M0098,E00900,3,45,45,16
M0099,E00403,3,45,45,1
M0099,E00311,3,45,45,2
M0099,E01272,3,45,45,3
M0099,E01722,3,45,45,4
M0099,E01448,3,45,45,5
M0099,E01332,3,45,45,6
M0099,E02210,3,45,45,7
M0099,E00015,3,45,45,8
M0099,E01895,3,45,45,9
M0099,E01569,3,45,45,10
M0099,E01570,3,45,45,11
M0099,E01100,3,45,45,12
M0099,E01564,3,45,45,13
M0099,E01219,3,45,45,14
M0100,E01334,3,45,45,1
M0100,E01024,3,45,45,2
M0100,E01876,3,45,45,3
M0100,E01021,3,45,45,4
M0100,E00014,3,45,45,5
M0100,E01508,3,45,45,6
M0100,E01535,3,45,45,7
M0100,E00320,3,45,45,8
M0100,E02047,3,45,45,9
M0100,E01929,3,45,45,10
M0100,E01170,3,45,45,11
M0100,E02078,3,45,45,12
M0100,E00178,3,45,45,13
M0100,E02032,3,45,45,14
M0100,E00081,3,45,45,15
M0100,E00050,3,45,45,16
M0101,E00002,3,45,45,1
M0101,E01777,3,45,45,2
M0101,E01708,3,45,45,3
M0101,E00040,3,45,45,4
M0101,E01211,3,45,45,5
M0101,E01255,3,45,45,6
M0101,E01704,3,45,45,7
M0101,E01588,3,45,45,8
M0101,E02518,3,45,45,9
M0101,E00040,3,45,45,10
M0101,E01777,3,45,45,11
M0101,E00040,3,45,45,12
M0101,E02398,3,45,45,13
M0101,E00040,3,45,45,14
M0102,E00545,3,45,45,1
M0102,E00374,3,45,45,2
M0102,E01570,3,45,45,3
M0102,E00385,3,45,45,4
M0102,E00591,3,45,45,5
M0102,E01506,3,45,45,6
M0102,E01748,3,45,45,7
M0102,E01489,3,45,45,8
M0102,E01732,3,45,45,9
M0102,E01532,3,45,45,10
M0102,E01447,3,45,45,11
M0103,E01732,3,45,45,1
M0103,E01284,3,45,45,2
M0103,E01401,3,45,45,3
M0103,E00366,3,45,45,4
M0103,E01564,3,45,45,5
M0103,E02300,3,45,45,6
M0103,E02524,3,45,45,7
M0103,E00331,3,45,45,8
M0103,E00185,3,45,45,9
M0103,E01500,3,45,45,10
M0103,E00418,3,45,45,11
M0103,E01773,3,45,45,12
M0103,E01731,3,45,45,13
M0104,E01178,3,45,45,1
M0104,E01484,3,45,45,2
M0104,E00832,3,45,45,3
M0104,E01475,3,45,45,4
M0104,E01355,3,45,45,5
M0104,E00069,3,45,45,6
M0104,E01208,3,45,45,7
M0104,E00040,3,45,45,8
M0104,E01300,3,45,45,9
M0105,E01568,3,45,45,1
M0105,E01587,3,45,45,2
M0105,E01259,3,45,45,3
M0105,E00225,3,45,45,4
M0105,E01707,3,45,45,5
M0105,E01259,3,45,45,6
M0105,E00204,3,45,45,7
M0105,E01706,3,45,45,8
M0105,E00227,3,45,45,9
M0105,E00220,3,45,45,10
M0105,E01568,3,45,45,11
M0105,E01259,3,45,45,12
M0105,E00606,3,45,45,13
M0105,E00727,3,45,45,14
M0106,E01248,3,45,45,1
M0106,E01370,3,45,45,2
M0106,E01756,3,45,45,3
M0106,E01737,3,45,45,4
M0106,E01502,3,45,45,5
M0106,E00834,3,45,45,6
M0106,E01697,3,45,45,7
M0106,E01720,3,45,45,8
M0106,E01744,3,45,45,9
M0106,E01766,3,45,45,10
M0106,E01553,3,45,45,11
M0106,E00140,3,45,45,12
M0106,E00858,3,45,45,13
M0106,E00834,3,45,45,14
M0106,E00416,3,45,45,15
M0106,E00635,3,45,45,16
M0107,E00149,3,45,45,1
M0107,E01046,3,45,45,2
M0107,E00950,3,45,45,3
M0107,E01297,3,45,45,4
M0107,E01520,3,45,45,5
M0107,E00276,3,45,45,6
M0107,E02535,3,45,45,7
M0107,E02076,3,45,45,8
M0107,E00893,3,45,45,9
M0107,E02218,3,45,45,10
M0107,E01167,3,45,45,11
M0107,E01550,3,45,45,12
M0108,E00765,3,45,45,1
M0108,E01841,3,45,45,2
M0108,E01309,3,45,45,3
M0108,E00309,3,45,45,4
M0108,E01309,3,45,45,5
M0108,E01309,3,45,45,6
M0108,E01606,3,45,45,7
M0108,E00061,3,45,45,8
M0108,E01602,3,45,45,9
M0108,E02457,3,45,45,10
M0108,E00061,3,45,45,11
M0108,E01841,3,45,45,12
M0108,E01308,3,45,45,13
M0108,E01602,3,45,45,14
M0108,E00288,3,45,45,15
M0108,E01875,3,45,45,16
M0108,E00061,3,45,45,17
M0108,E00061,3,45,45,18
M0108,E01272,3,45,45,19
M0108,E00061,3,45,45,20
M0108,E00743,3,45,45,21
M0108,E00061,3,45,45,22
M0108,E01657,3,45,45,23
M0109,E01308,3,45,45,1
M0109,E00877,3,45,45,2
M0109,E01657,3,45,45,3
M0109,E01308,3,45,45,4
M0109,E00636,3,45,45,5
M0109,E02289,3,45,45,6
M0109,E02293,3,45,45,7
M0109,E02021,3,45,45,8
M0109,E01602,3,45,45,9
M0109,E01308,3,45,45,10
M0109,E01322,3,45,45,11
M0109,E01875,3,45,45,12
M0109,E01779,3,45,45,13
M0109,E01618,3,45,45,14
M0109,E00923,3,45,45,15
M0109,E02206,3,45,45,16
M0109,E01618,3,45,45,17
M0109,E00617,3,45,45,18
M0110,E01515,3,45,45,1
M0110,E00096,3,45,45,2
M0110,E01851,3,45,45,3
M0110,E00155,3,45,45,4
M0110,E01299,3,45,45,5
M0110,E00163,3,45,45,6
M0110,E01663,3,45,45,7
M0110,E01858,3,45,45,8
M0110,E00149,3,45,45,9
M0110,E02063,3,45,45,10
M0110,E00930,3,45,45,11
M0110,E01889,3,45,45,12
M0110,E00040,3,45,45,13
M0110,E02012,3,45,45,14
M0111,E00836,3,45,45,1
M0111,E01352,3,45,45,2
M0111,E01206,3,45,45,3
M0111,E01487,3,45,45,4
M0111,E00649,3,45,45,5
M0111,E01392,3,45,45,6
M0111,E01300,3,45,45,7
M0111,E01732,3,45,45,8
M0111,E00020,3,45,45,9
M0111,E00916,3,45,45,10
M0111,E01717,3,45,45,11
M0112,E01587,3,45,45,1
M0112,E00022,3,45,45,2
M0112,E01777,3,45,45,3
M0112,E01866,3,45,45,4
M0112,E01217,3,45,45,5
M0113,E01090,3,45,45,1
M0113,E02172,3,45,45,2
M0113,E01581,3,45,45,3
M0113,E01444,3,45,45,4
M0113,E00912,3,45,45,5
M0113,E00040,3,45,45,6
M0113,E00711,3,45,45,7
M0113,E00927,3,45,45,8
M0113,E01811,3,45,45,9
M0113,E01569,3,45,45,10
M0113,E00040,3,45,45,11
M0113,E00225,3,45,45,12
M0113,E01264,3,45,45,13
M0113,E00924,3,45,45,14
M0113,E01114,3,45,45,15
M0114,E00213,3,45,45,1
M0114,E02104,3,45,45,2
M0114,E01047,3,45,45,3
M0114,E01475,3,45,45,4
M0114,E02101,3,45,45,5
M0114,E01444,3,45,45,6
M0114,E00665,3,45,45,7
M0114,E00156,3,45,45,8
M0114,E01819,3,45,45,9
M0114,E02431,3,45,45,10
M0114,E01557,3,45,45,11
M0114,E01557,3,45,45,12
M0114,E01583,3,45,45,13
M0114,E01259,3,45,45,14
M0114,E00900,3,45,45,15
M0114,E01557,3,45,45,16
M0115,E00040,3,45,45,1
M0115,E01297,3,45,45,2
M0115,E01584,3,45,45,3
M0115,E01584,3,45,45,4
M0115,E01066,3,45,45,5
M0115,E00917,3,45,45,6
M0115,E01406,3,45,45,7
M0115,E02166,3,45,45,8
M0115,E02166,3,45,45,9
M0115,E01138,3,45,45,10
M0115,E00900,3,45,45,11
M0115,E00907,3,45,45,12
M0115,E00649,3,45,45,13
M0115,E02513,3,45,45,14
M0115,E01441,3,45,45,15
M0115,E02229,3,45,45,16
M0115,E01052,3,45,45,17
M0116,E01309,3,45,45,1
M0116,E01869,3,45,45,2
M0116,E00012,3,45,45,3
M0116,E02172,3,45,45,4
M0116,E00443,3,45,45,5
M0116,E01317,3,45,45,6
M0116,E01195,3,45,45,7
M0116,E01308,3,45,45,8
M0116,E00832,3,45,45,9
M0116,E00061,3,45,45,10
M0116,E01602,3,45,45,11
M0116,E00313,3,45,45,12
M0116,E02125,3,45,45,13
M0116,E01748,3,45,45,14
M0116,E00061,3,45,45,15
M0116,E00285,3,45,45,16
M0116,E01096,3,45,45,17
M0116,E00010,3,45,45,18
M0117,E00712,3,45,45,1
M0117,E01711,3,45,45,2
M0117,E00583,3,45,45,3
M0117,E00230,3,45,45,4
M0117,E00536,3,45,45,5
M0117,E01299,3,45,45,6
M0117,E00223,3,45,45,7
M0118,E01762,3,45,45,1
M0118,E01629,3,45,45,2
M0118,E02369,3,45,45,3
M0118,E01066,3,45,45,4
M0118,E01314,3,45,45,5
M0118,E01554,3,45,45,6
M0118,E02111,3,45,45,7
M0118,E00424,3,45,45,8
M0118,E01948,3,45,45,9
M0118,E00057,3,45,45,10
M0118,E02326,3,45,45,11
M0118,E01184,3,45,45,12
M0118,E01540,3,45,45,13
M0118,E01144,3,45,45,14
M0119,E01157,3,45,45,1
M0119,E00821,3,45,45,2
M0119,E02530,3,45,45,3
M0119,E00638,3,45,45,4
M0119,E00014,3,45,45,5
M0119,E01353,3,45,45,6
M0119,E00165,3,45,45,7
M0119,E00873,3,45,45,8
M0119,E00852,3,45,45,9
M0119,E02095,3,45,45,10
M0119,E00048,3,45,45,11
M0119,E00775,3,45,45,12
M0119,E00054,3,45,45,13
M0119,E01354,3,45,45,14
M0120,E00013,3,45,45,1
M0120,E01308,3,45,45,2
M0120,E01657,3,45,45,3
M0120,E01309,3,45,45,4
M0120,E01309,3,45,45,5
M0120,E01602,3,45,45,6
M0120,E01265,3,45,45,7
M0120,E01640,3,45,45,8
M0120,E01610,3,45,45,9
M0120,E01308,3,45,45,10
M0120,E01905,3,45,45,11
M0120,E00061,3,45,45,12
M0120,E00061,3,45,45,13
M0120,E01875,3,45,45,14
M0120,E00061,3,45,45,15
M0120,E00537,3,45,45,16
M0120,E01309,3,45,45,17
M0120,E01308,3,45,45,18
M0120,E01308,3,45,45,19
M0120,E01252,3,45,45,20
M0120,E01381,3,45,45,21
M0120,E01606,3,45,45,22
M0120,E01308,3,45,45,23
M0120,E02136,3,45,45,24
M0121,E01308,3,45,45,1
M0121,E00013,3,45,45,2
M0121,E00994,3,45,45,3
M0121,E00891,3,45,45,4
M0121,E01568,3,45,45,5
M0121,E01875,3,45,45,6
M0121,E01259,3,45,45,7
M0121,E00930,3,45,45,8
M0121,E01308,3,45,45,9
M0121,E00569,3,45,45,10
M0121,E02160,3,45,45,11
M0121,E01226,3,45,45,12
M0121,E01309,3,45,45,13
M0121,E01309,3,45,45,14
M0121,E02141,3,45,45,15
M0121,E00061,3,45,45,16
M0121,E02517,3,45,45,17
M0121,E01044,3,45,45,18
M0121,E02248,3,45,45,19
M0122,E01610,3,45,45,1
M0122,E00061,3,45,45,2
M0122,E01309,3,45,45,3
M0122,E01274,3,45,45,4
M0122,E00061,3,45,45,5
M0122,E02261,3,45,45,6
M0122,E00443,3,45,45,7
M0122,E01875,3,45,45,8
M0122,E01515,3,45,45,9
M0122,E00010,3,45,45,10
M0122,E00868,3,45,45,11
M0122,E01657,3,45,45,12
M0122,E00061,3,45,45,13
M0122,E00061,3,45,45,14
M0122,E01841,3,45,45,15
M0122,E00061,3,45,45,16
M0122,E01657,3,45,45,17
M0122,E00264,3,45,45,18
M0122,E01938,3,45,45,19
M0122,E00061,3,45,45,20
M0122,E01308,3,45,45,21
M0122,E00061,3,45,45,22
M0123,E00154,3,45,45,1
M0123,E01703,3,45,45,2
M0123,E00154,3,45,45,3
M0123,E00050,3,45,45,4
M0123,E01814,3,45,45,5
M0123,E01185,3,45,45,6
M0123,E01138,3,45,45,7
M0123,E00836,3,45,45,8
M0123,E00607,3,45,45,9
M0123,E02168,3,45,45,10
M0124,E01420,3,45,45,1
M0124,E01419,3,45,45,2
M0124,E01217,3,45,45,3
M0124,E00925,3,45,45,4
M0125,E02311,3,45,45,1
M0125,E01760,3,45,45,2
M0125,E01137,3,45,45,3
M0125,E01772,3,45,45,4
M0125,E02355,3,45,45,5
M0125,E00548,3,45,45,6
M0125,E01373,3,45,45,7
M0125,E01375,3,45,45,8
M0125,E01729,3,45,45,9
M0125,E00221,3,45,45,10
M0125,E00387,3,45,45,11
M0125,E00636,3,45,45,12
M0126,E01619,3,45,45,1
M0126,E01607,3,45,45,2
M0126,E01688,3,45,45,3
M0126,E01618,3,45,45,4
M0126,E00010,3,45,45,5
M0126,E01606,3,45,45,6
M0126,E01827,3,45,45,7
M0126,E00061,3,45,45,8
M0126,E00061,3,45,45,9
M0126,E00830,3,45,45,10
M0126,E01602,3,45,45,11
M0126,E00641,3,45,45,12
M0126,E01635,3,45,45,13
M0126,E00260,3,45,45,14
M0126,E00061,3,45,45,15
M0126,E01308,3,45,45,16
M0126,E00061,3,45,45,17
M0126,E01657,3,45,45,18
M0127,E01735,3,45,45,1
M0127,E01116,3,45,45,2
M0127,E01971,3,45,45,3
M0127,E00716,3,45,45,4
M0127,E01566,3,45,45,5
M0127,E01053,3,45,45,6
M0127,E00235,3,45,45,7
M0127,E01500,3,45,45,8
M0127,E01758,3,45,45,9
M0127,E00545,3,45,45,10
M0127,E00109,3,45,45,11
M0127,E01485,3,45,45,12
M0127,E01732,3,45,45,13
M0127,E01447,3,45,45,14
M0127,E00323,3,45,45,15
M0127,E00869,3,45,45,16
M0128,E01522,3,45,45,1
M0128,E01845,3,45,45,2
M0128,E01590,3,45,45,3
M0128,E01932,3,45,45,4
M0128,E01763,3,45,45,5
M0128,E02321,3,45,45,6
M0128,E01488,3,45,45,7
M0128,E00956,3,45,45,8
M0128,E01676,3,45,45,9
M0128,E01726,3,45,45,10
M0128,E01213,3,45,45,11
M0128,E00347,3,45,45,12
M0128,E00083,3,45,45,13
M0128,E01753,3,45,45,14
M0128,E00833,3,45,45,15
M0129,E01458,3,45,45,1
M0129,E01568,3,45,45,2
M0129,E02429,3,45,45,3
M0129,E02171,3,45,45,4
M0129,E00666,3,45,45,5
M0129,E02173,3,45,45,6
M0129,E01654,3,45,45,7
M0129,E01581,3,45,45,8
M0129,E02354,3,45,45,9
M0130,E02487,3,45,45,1
M0130,E00624,3,45,45,2
M0130,E00014,3,45,45,3
M0130,E02313,3,45,45,4
M0130,E01504,3,45,45,5
M0130,E01583,3,45,45,6
M0130,E01280,3,45,45,7
M0130,E01762,3,45,45,8
M0130,E01744,3,45,45,9
M0130,E01502,3,45,45,10
M0130,E01713,3,45,45,11
M0130,E01237,3,45,45,12
M0130,E00302,3,45,45,13
M0130,E01293,3,45,45,14
M0131,E01707,3,45,45,1
M0131,E00271,3,45,45,2
M0131,E00200,3,45,45,3
M0131,E01565,3,45,45,4
M0131,E00725,3,45,45,5
M0131,E00396,3,45,45,6
M0131,E01665,3,45,45,7
M0131,E00262,3,45,45,8
M0131,E00444,3,45,45,9
M0131,E01063,3,45,45,10
M0131,E01707,3,45,45,11
M0131,E01716,3,45,45,12
M0131,E01491,3,45,45,13
M0131,E00650,3,45,45,14
M0131,E00255,3,45,45,15
M0132,E01420,3,45,45,1
M0132,E02353,3,45,45,2
M0132,E00858,3,45,45,3
M0132,E00907,3,45,45,4
M0132,E00783,3,45,45,5
M0132,E00844,3,45,45,6
M0132,E00712,3,45,45,7
M0132,E00772,3,45,45,8
M0132,E00154,3,45,45,9
M0132,E00625,3,45,45,10
M0132,E01441,3,45,45,11
M0132,E00154,3,45,45,12
M0133,E01259,3,45,45,1
M0133,E01706,3,45,45,2
M0133,E00011,3,45,45,3
M0133,E01259,3,45,45,4
M0133,E01259,3,45,45,5
M0133,E01259,3,45,45,6
M0133,E02428,3,45,45,7
M0133,E01259,3,45,45,8
M0133,E00220,3,45,45,9
M0133,E01259,3,45,45,10
M0133,E02520,3,45,45,11
M0133,E01581,3,45,45,12
M0133,E02049,3,45,45,13
M0134,E01355,3,45,45,1
M0134,E00040,3,45,45,2
M0134,E00774,3,45,45,3
M0134,E00347,3,45,45,4
M0134,E01484,3,45,45,5
M0134,E01342,3,45,45,6
M0134,E01070,3,45,45,7
M0134,E01117,3,45,45,8
M0134,E01204,3,45,45,9
M0134,E02174,3,45,45,10
M0135,E01738,3,45,45,1
M0135,E01589,3,45,45,2
M0135,E01505,3,45,45,3
M0135,E00565,3,45,45,4
M0135,E01590,3,45,45,5
M0135,E01724,3,45,45,6
M0135,E01567,3,45,45,7
M0135,E01735,3,45,45,8
M0135,E01283,3,45,45,9
M0135,E00117,3,45,45,10
M0135,E02299,3,45,45,11
M0136,E00172,3,45,45,1
M0136,E00081,3,45,45,2
M0136,E00795,3,45,45,3
M0136,E00000,3,45,45,4
M0136,E01499,3,45,45,5
M0136,E01443,3,45,45,6
M0136,E00014,3,45,45,7
M0136,E01576,3,45,45,8
M0136,E01220,3,45,45,9
M0136,E01168,3,45,45,10
M0136,E00069,3,45,45,11
M0136,E00172,3,45,45,12
M0136,E00996,3,45,45,13
M0136,E01312,3,45,45,14
M0137,E01309,3,45,45,1
M0137,E02314,3,45,45,2
M0137,E01104,3,45,45,3
M0137,E01875,3,45,45,4
M0137,E01285,3,45,45,5
M0137,E00061,3,45,45,6
M0137,E01308,3,45,45,7
M0137,E01657,3,45,45,8
M0137,E01309,3,45,45,9
M0137,E02017,3,45,45,10
M0137,E00061,3,45,45,11
M0137,E00061,3,45,45,12
M0137,E01610,3,45,45,13
M0137,E00061,3,45,45,14
M0137,E01657,3,45,45,15
M0137,E00013,3,45,45,16
M0137,E01312,3,45,45,17
M0137,E01309,3,45,45,18
M0137,E01602,3,45,45,19
M0137,E01105,3,45,45,20
M0138,E01569,3,45,45,1
M0138,E00486,3,45,45,2
M0138,E01716,3,45,45,3
M0138,E00603,3,45,45,4
M0138,E00344,3,45,45,5
M0138,E01214,3,45,45,6
M0138,E00472,3,45,45,7
M0138,E01216,3,45,45,8
M0138,E00098,3,45,45,9
M0138,E02203,3,45,45,10
M0138,E01707,3,45,45,11
M0138,E02112,3,45,45,12
M0138,E02240,3,45,45,13
M0138,E00177,3,45,45,14
M0139,E00231,3,45,45,1
M0139,E00227,3,45,45,2
M0139,E00204,3,45,45,3
M0139,E01259,3,45,45,4
M0139,E00230,3,45,45,5
M0139,E00230,3,45,45,6
M0139,E00696,3,45,45,7
M0139,E02433,3,45,45,8
M0139,E00214,3,45,45,9
M0139,E00606,3,45,45,10
M0139,E01259,3,45,45,11
M0139,E01513,3,45,45,12
M0139,E00702,3,45,45,13
M0139,E00865,3,45,45,14
M0139,E01568,3,45,45,15
M0139,E01587,3,45,45,16
M0140,E00057,3,45,45,1
M0140,E02403,3,45,45,2
M0140,E00347,3,45,45,3
M0140,E01933,3,45,45,4
M0140,E00553,3,45,45,5
M0140,E01157,3,45,45,6
M0140,E01007,3,45,45,7
M0140,E00845,3,45,45,8
M0140,E01607,3,45,45,9
M0140,E01591,3,45,45,10
M0140,E01131,3,45,45,11
M0140,E01411,3,45,45,12
M0140,E00293,3,45,45,13
M0140,E01798,3,45,45,14
M0140,E01548,3,45,45,15
M0141,E00626,3,45,45,1
M0141,E01573,3,45,45,2
M0141,E02419,3,45,45,3
M0141,E00500,3,45,45,4
M0141,E01137,3,45,45,5
M0141,E00996,3,45,45,6
M0141,E01491,3,45,45,7
M0141,E01436,3,45,45,8
M0141,E01707,3,45,45,9
M0141,E01729,3,45,45,10
M0141,E00449,3,45,45,11
M0141,E01056,3,45,45,12
M0141,E02416,3,45,45,13
M0141,E00067,3,45,45,14
M0141,E01065,3,45,45,15
M0141,E01715,3,45,45,16
M0141,E01581,3,45,45,17
M0142,E00248,3,45,45,1
M0142,E01309,3,45,45,2
M0142,E00322,3,45,45,3
M0142,E01894,3,45,45,4
M0142,E00975,3,45,45,5
M0142,E00236,3,45,45,6
M0142,E01055,3,45,45,7
M0142,E00628,3,45,45,8
M0142,E00660,3,45,45,9
M0142,E01606,3,45,45,10
M0142,E00061,3,45,45,11
M0142,E00061,3,45,45,12
M0142,E01606,3,45,45,13
M0142,E00061,3,45,45,14
M0142,E01376,3,45,45,15
M0142,E01308,3,45,45,16
M0142,E01657,3,45,45,17
M0142,E01623,3,45,45,18
M0142,E01875,3,45,45,19
M0142,E00235,3,45,45,20
M0142,E00735,3,45,45,21
M0142,E01309,3,45,45,22
M0142,E00013,3,45,45,23
M0143,E01610,3,45,45,1
M0143,E01309,3,45,45,2
M0143,E01305,3,45,45,3
M0143,E01606,3,45,45,4
M0143,E01309,3,45,45,5
M0143,E01610,3,45,45,6
M0143,E00061,3,45,45,7
M0143,E01841,3,45,45,8
M0143,E01308,3,45,45,9
M0143,E01308,3,45,45,10
M0143,E01657,3,45,45,11
M0143,E01602,3,45,45,12
M0143,E00849,3,45,45,13
M0143,E00061,3,45,45,14
M0143,E02350,3,45,45,15
M0143,E00010,3,45,45,16
M0143,E01344,3,45,45,17
M0143,E01841,3,45,45,18
M0143,E01651,3,45,45,19
M0143,E01602,3,45,45,20
M0143,E00061,3,45,45,21
M0143,E00061,3,45,45,22
M0144,E00159,3,45,45,1
M0144,E00159,3,45,45,2
M0144,E00353,3,45,45,3
M0144,E00844,3,45,45,4
M0144,E01569,3,45,45,5
M0144,E01312,3,45,45,6
M0144,E01587,3,45,45,7
M0144,E00213,3,45,45,8
M0144,E01814,3,45,45,9
M0145,E01151,3,45,45,1
M0145,E01128,3,45,45,2
M0145,E01507,3,45,45,3
M0145,E02318,3,45,45,4
M0145,E01393,3,45,45,5
M0145,E02514,3,45,45,6
M0145,E01292,3,45,45,7
M0145,E01137,3,45,45,8
M0145,E01528,3,45,45,9
M0145,E01495,3,45,45,10
M0145,E00535,3,45,45,11
M0145,E01372,3,45,45,12
M0145,E01071,3,45,45,13
M0145,E01386,3,45,45,14
M0146,E00364,3,45,45,1
M0146,E00588,3,45,45,2
M0146,E02203,3,45,45,3
M0146,E02295,3,45,45,4
M0146,E00853,3,45,45,5
M0146,E01291,3,45,45,6
M0146,E01760,3,45,45,7
M0146,E00241,3,45,45,8
M0146,E01729,3,45,45,9
M0146,E00339,3,45,45,10
M0146,E01691,3,45,45,11
M0146,E01128,3,45,45,12
M0146,E01736,3,45,45,13
M0146,E01036,3,45,45,14
M0146,E00328,3,45,45,15
M0146,E01499,3,45,45,16
M0147,E01554,3,45,45,1
M0147,E01318,3,45,45,2
M0147,E02477,3,45,45,3
M0147,E01243,3,45,45,4
M0147,E01897,3,45,45,5
M0147,E02499,3,45,45,6
M0147,E01272,3,45,45,7
M0147,E00159,3,45,45,8
M0147,E01680,3,45,45,9
M0147,E02064,3,45,45,10
M0147,E01268,3,45,45,11
M0147,E01424,3,45,45,12
M0147,E01139,3,45,45,13
M0148,E01117,3,45,45,1
M0148,E01819,3,45,45,2
M0148,E00159,3,45,45,3
M0148,E01517,3,45,45,4
M0148,E01581,3,45,45,5
M0148,E00154,3,45,45,6
M0148,E01569,3,45,45,7
M0148,E01217,3,45,45,8
M0148,E01441,3,45,45,9
M0148,E00832,3,45,45,10
M0148,E00159,3,45,45,11
M0148,E02392,3,45,45,12
M0148,E01302,3,45,45,13
M0148,E00606,3,45,45,14
M0148,E00020,3,45,45,15
M0148,E01777,3,45,45,16
M0148,E00159,3,45,45,17
M0149,E01262,3,45,45,1
M0149,E00858,3,45,45,2
M0149,E01488,3,45,45,3
M0149,E00645,3,45,45,4
M0149,E01567,3,45,45,5
M0149,E00835,3,45,45,6
M0149,E00645,3,45,45,7
M0149,E00086,3,45,45,8
M0149,E01405,3,45,45,9
M0149,E00833,3,45,45,10
M0149,E01136,3,45,45,11
M0149,E00644,3,45,45,12
M0149,E00258,3,45,45,13
M0149,E00833,3,45,45,14
M0149,E00645,3,45,45,15
M0149,E00228,3,45,45,16
M0149,E00526,3,45,45,17
M0150,E02505,3,45,45,1
M0150,E01830,3,45,45,2
M0150,E00172,3,45,45,3
M0150,E00420,3,45,45,4
M0150,E01325,3,45,45,5
M0150,E00081,3,45,45,6
M0150,E01993,3,45,45,7
M0150,E02067,3,45,45,8
M0150,E00800,3,45,45,9
M0150,E00654,3,45,45,10
M0150,E00658,3,45,45,11
M0150,E00969,3,45,45,12
M0151,E01484,3,45,45,1
M0151,E00159,3,45,45,2
M0151,E01656,3,45,45,3
M0151,E01487,3,45,45,4
M0151,E01710,3,45,45,5
M0151,E01148,3,45,45,6
M0151,E00156,3,45,45,7
M0151,E00159,3,45,45,8
M0151,E01217,3,45,45,9
M0151,E00630,3,45,45,10
M0151,E01147,3,45,45,11
M0151,E01603,3,45,45,12
M0151,E00832,3,45,45,13
M0151,E00836,3,45,45,14
M0151,E01225,3,45,45,15
M0151,E01211,3,45,45,16
M0151,E01198,3,45,45,17
M0152,E02298,3,45,45,1
M0152,E01402,3,45,45,2
M0152,E01556,3,45,45,3
M0152,E00873,3,45,45,4
M0152,E01331,3,45,45,5
M0152,E00014,3,45,45,6
M0152,E01228,3,45,45,7
M0152,E01477,3,45,45,8
M0152,E01407,3,45,45,9
M0152,E02303,3,45,45,10
M0152,E02363,3,45,45,11
M0152,E00693,3,45,45,12
M0152,E02517,3,45,45,13
M0153,E00232,3,45,45,1
M0153,E00834,3,45,45,2
M0153,E00857,3,45,45,3
M0153,E01290,3,45,45,4
M0153,E00534,3,45,45,5
M0153,E00610,3,45,45,6
M0153,E00279,3,45,45,7
M0153,E00459,3,45,45,8
M0153,E00087,3,45,45,9
M0153,E02448,3,45,45,10
M0153,E00834,3,45,45,11
M0153,E01137,3,45,45,12
M0153,E02109,3,45,45,13
M0153,E01128,3,45,45,14
M0153,E01137,3,45,45,15
M0154,E01302,3,45,45,1
M0154,E01406,3,45,45,2
M0154,E01444,3,45,45,3
M0154,E01300,3,45,45,4
M0154,E01206,3,45,45,5
M0154,E01586,3,45,45,6
M0154,E01301,3,45,45,7
M0154,E02170,3,45,45,8
M0154,E01202,3,45,45,9
M0154,E00040,3,45,45,10
M0154,E02528,3,45,45,11
M0154,E00040,3,45,45,12
M0154,E01240,3,45,45,13
M0154,E02198,3,45,45,14
M0154,E00916,3,45,45,15
M0154,E00040,3,45,45,16
M0155,E01309,3,45,45,1
M0155,E00175,3,45,45,2
M0155,E00649,3,45,45,3
M0155,E00757,3,45,45,4
M0155,E01309,3,45,45,5
M0155,E02140,3,45,45,6
M0155,E01057,3,45,45,7
M0155,E00061,3,45,45,8
M0155,E00015,3,45,45,9
M0155,E02047,3,45,45,10
M0155,E00255,3,45,45,11
M0155,E02294,3,45,45,12
M0155,E01375,3,45,45,13
M0155,E01308,3,45,45,14
M0155,E02171,3,45,45,15
M0155,E00013,3,45,45,16
M0155,E00242,3,45,45,17
M0155,E01308,3,45,45,18
M0155,E01871,3,45,45,19
M0155,E00822,3,45,45,20
M0155,E01308,3,45,45,21
M0155,E00061,3,45,45,22
M0155,E02125,3,45,45,23
M0156,E02293,3,45,45,1
M0156,E00098,3,45,45,2
M0156,E00619,3,45,45,3
M0156,E00018,3,45,45,4
M0156,E01196,3,45,45,5
M0156,E01472,3,45,45,6
M0156,E01931,3,45,45,7
M0156,E00279,3,45,45,8
M0156,E00761,3,45,45,9
M0156,E00515,3,45,45,10
M0156,E01996,3,45,45,11
M0156,E02262,3,45,45,12
M0156,E01578,3,45,45,13
M0157,E00178,3,45,45,1
M0157,E01374,3,45,45,2
M0157,E01444,3,45,45,3
M0157,E02229,3,45,45,4
M0157,E01708,3,45,45,5
M0157,E01827,3,45,45,6
M0157,E01090,3,45,45,7
M0157,E01931,3,45,45,8
M0158,E00248,3,45,45,1
M0158,E01195,3,45,45,2
M0158,E01100,3,45,45,3
M0158,E00309,3,45,45,4
M0158,E01486,3,45,45,5
M0158,E01696,3,45,45,6
M0158,E02243,3,45,45,7
M0158,E01743,3,45,45,8
M0158,E01570,3,45,45,9
M0158,E02091,3,45,45,10
M0158,E01585,3,45,45,11
M0158,E02250,3,45,45,12
M0159,E00213,3,45,45,1
M0159,E01447,3,45,45,2
M0159,E01746,3,45,45,3
M0159,E01047,3,45,45,4
M0159,E01557,3,45,45,5
M0159,E01568,3,45,45,6
M0159,E01487,3,45,45,7
M0159,E01557,3,45,45,8
M0159,E01557,3,45,45,9
M0159,E00298,3,45,45,10
M0159,E01557,3,45,45,11
M0159,E01557,3,45,45,12
M0159,E01557,3,45,45,13
M0159,E00199,3,45,45,14
M0159,E01708,3,45,45,15
M0159,E01557,3,45,45,16
M0159,E01406,3,45,45,17
M0160,E00813,3,45,45,1
M0160,E00522,3,45,45,2
M0160,E02452,3,45,45,3
M0160,E01371,3,45,45,4
M0160,E01486,3,45,45,5
M0160,E00870,3,45,45,6
M0160,E02359,3,45,45,7
M0160,E00860,3,45,45,8
M0160,E00437,3,45,45,9
M0160,E02525,3,45,45,10
M0160,E01751,3,45,45,11
M0160,E00183,3,45,45,12
M0160,E01566,3,45,45,13
M0160,E00244,3,45,45,14
M0160,E02254,3,45,45,15
M0161,E01259,3,45,45,1
M0161,E01259,3,45,45,2
M0161,E00227,3,45,45,3
M0161,E01292,3,45,45,4
M0161,E01706,3,45,45,5
M0161,E00227,3,45,45,6
M0161,E00218,3,45,45,7
M0161,E01569,3,45,45,8
M0161,E01109,3,45,45,9
M0161,E01517,3,45,45,10
M0161,E01760,3,45,45,11
M0161,E01653,3,45,45,12
M0161,E01587,3,45,45,13
M0161,E01259,3,45,45,14
M0162,E01151,3,45,45,1
M0162,E02088,3,45,45,2
M0162,E00050,3,45,45,3
M0162,E00178,3,45,45,4
M0162,E01618,3,45,45,5
M0162,E00009,3,45,45,6
M0162,E01182,3,45,45,7
M0162,E00163,3,45,45,8
M0162,E01442,3,45,45,9
M0162,E02352,3,45,45,10
M0162,E02102,3,45,45,11
M0162,E02187,3,45,45,12
M0163,E02270,3,45,45,1
M0163,E01720,3,45,45,2
M0163,E01372,3,45,45,3
M0163,E00104,3,45,45,4
M0163,E00522,3,45,45,5
M0163,E01450,3,45,45,6
M0163,E00404,3,45,45,7
M0163,E02380,3,45,45,8
M0163,E01129,3,45,45,9
M0163,E01756,3,45,45,10
M0163,E01372,3,45,45,11
M0163,E00299,3,45,45,12
M0163,E01499,3,45,45,13
M0163,E00533,3,45,45,14
M0163,E00497,3,45,45,15
M0163,E01715,3,45,45,16
M0164,E01744,3,45,45,1
M0164,E01761,3,45,45,2
M0164,E02284,3,45,45,3
M0164,E01081,3,45,45,4
M0164,E00834,3,45,45,5
M0164,E01705,3,45,45,6
M0164,E01736,3,45,45,7
M0164,E01816,3,45,45,8
M0164,E00368,3,45,45,9
M0164,E00536,3,45,45,10
M0164,E00080,3,45,45,11
M0164,E00118,3,45,45,12
M0164,E01276,3,45,45,13
M0164,E00319,3,45,45,14
M0164,E01555,3,45,45,15
M0164,E01765,3,45,45,16
M0165,E01783,3,45,45,1
M0165,E01138,3,45,45,2
M0165,E00057,3,45,45,3
M0165,E01625,3,45,45,4
M0165,E00154,3,45,45,5
M0165,E01218,3,45,45,6
M0165,E01032,3,45,45,7
M0165,E00843,3,45,45,8
M0165,E00820,3,45,45,9
M0165,E01588,3,45,45,10
M0165,E01582,3,45,45,11
M0166,E02454,3,45,45,1
M0166,E02332,3,45,45,2
M0166,E02476,3,45,45,3
M0166,E01078,3,45,45,4
M0166,E01334,3,45,45,5
M0166,E01351,3,45,45,6
M0166,E01432,3,45,45,7
M0166,E02339,3,45,45,8
M0166,E00096,3,45,45,9
M0166,E01403,3,45,45,10
M0166,E00177,3,45,45,11
M0167,E00054,3,45,45,1
M0167,E01474,3,45,45,2
M0167,E01155,3,45,45,3
M0167,E00974,3,45,45,4
M0167,E01974,3,45,45,5
M0167,E02111,3,45,45,6
M0167,E00141,3,45,45,7
M0167,E01455,3,45,45,8
M0167,E01853,3,45,45,9
M0167,E01380,3,45,45,10
M0167,E01816,3,45,45,11
M0167,E00066,3,45,45,12
M0167,E00069,3,45,45,13
M0167,E01629,3,45,45,14
M0167,E01034,3,45,45,15
M0167,E00086,3,45,45,16
M0167,E01398,3,45,45,17
M0168,E01602,3,45,45,1
M0168,E01308,3,45,45,2
M0168,E01610,3,45,45,3
M0168,E01308,3,45,45,4
M0168,E01083,3,45,45,5
M0168,E01308,3,45,45,6
M0168,E01309,3,45,45,7
M0168,E01309,3,45,45,8
M0168,E01261,3,45,45,9
M0168,E00061,3,45,45,10
M0168,E01494,3,45,45,11
M0168,E00061,3,45,45,12
M0168,E00061,3,45,45,13
M0168,E01602,3,45,45,14
M0168,E01155,3,45,45,15
M0168,E00061,3,45,45,16
M0168,E01618,3,45,45,17
M0168,E01108,3,45,45,18
M0168,E01588,3,45,45,19
M0168,E02366,3,45,45,20
M0168,E00061,3,45,45,21
M0168,E00061,3,45,45,22
M0169,E00061,3,45,45,1
M0169,E02149,3,45,45,2
M0169,E00061,3,45,45,3
M0169,E00523,3,45,45,4
M0169,E01309,3,45,45,5
M0169,E01309,3,45,45,6
M0169,E00061,3,45,45,7
M0169,E01542,3,45,45,8
M0169,E02411,3,45,45,9
M0169,E01712,3,45,45,10
M0169,E00061,3,45,45,11
M0169,E00015,3,45,45,12
M0169,E02319,3,45,45,13
M0169,E00061,3,45,45,14
M0169,E00885,3,45,45,15
M0169,E00070,3,45,45,16
M0169,E01992,3,45,45,17
M0169,E00061,3,45,45,18
M0169,E00854,3,45,45,19
M0169,E01561,3,45,45,20
M0169,E00812,3,45,45,21
M0170,E01213,3,45,45,1
M0170,E01841,3,45,45,2
M0170,E01875,3,45,45,3
M0170,E00061,3,45,45,4
M0170,E01563,3,45,45,5
M0170,E01139,3,45,45,6
M0170,E01309,3,45,45,7
M0170,E00061,3,45,45,8
M0170,E01517,3,45,45,9
M0170,E00709,3,45,45,10
M0170,E00061,3,45,45,11
M0170,E01482,3,45,45,12
M0170,E01308,3,45,45,13
M0170,E00061,3,45,45,14
M0170,E01841,3,45,45,15
M0170,E01536,3,45,45,16
M0170,E00061,3,45,45,17
M0170,E01298,3,45,45,18
M0170,E01602,3,45,45,19
M0170,E00061,3,45,45,20
M0170,E01602,3,45,45,21
M0171,E01333,3,45,45,1
M0171,E00178,3,45,45,2
M0171,E01418,3,45,45,3
M0171,E01431,3,45,45,4
M0171,E01263,3,45,45,5
M0171,E01695,3,45,45,6
M0171,E00069,3,45,45,7
M0171,E01209,3,45,45,8
M0171,E01610,3,45,45,9
M0171,E02270,3,45,45,10
M0171,E02386,3,45,45,11
M0171,E02017,3,45,45,12
M0171,E01257,3,45,45,13
M0171,E01471,3,45,45,14
M0171,E01153,3,45,45,15
M0171,E02183,3,45,45,16
M0172,E01739,3,45,45,1
M0172,E01115,3,45,45,2
M0172,E00377,3,45,45,3
M0172,E00515,3,45,45,4
M0172,E00409,3,45,45,5
M0172,E01646,3,45,45,6
M0172,E00499,3,45,45,7
M0172,E02232,3,45,45,8
M0172,E00194,3,45,45,9
M0172,E02253,3,45,45,10
M0172,E00335,3,45,45,11
M0173,E01655,3,45,45,1
M0173,E01758,3,45,45,2
M0173,E01755,3,45,45,3
M0173,E01371,3,45,45,4
M0173,E01751,3,45,45,5
M0173,E01585,3,45,45,6
M0173,E02071,3,45,45,7
M0173,E01258,3,45,45,8
M0173,E01262,3,45,45,9
M0173,E00178,3,45,45,10
M0173,E00363,3,45,45,11
M0173,E01699,3,45,45,12
M0173,E01989,3,45,45,13
M0174,E00742,3,45,45,1
M0174,E01742,3,45,45,2
M0174,E00852,3,45,45,3
M0174,E00841,3,45,45,4
M0174,E01806,3,45,45,5
M0174,E02388,3,45,45,6
M0174,E00718,3,45,45,7
M0174,E01597,3,45,45,8
M0174,E01411,3,45,45,9
M0174,E01903,3,45,45,10
M0174,E02486,3,45,45,11
M0174,E01403,3,45,45,12
M0174,E01509,3,45,45,13
M0175,E00618,3,45,45,1
M0175,E02207,3,45,45,2
M0175,E01697,3,45,45,3
M0175,E01450,3,45,45,4
M0175,E02181,3,45,45,5
M0175,E00573,3,45,45,6
M0175,E00113,3,45,45,7
M0175,E01504,3,45,45,8
M0175,E00562,3,45,45,9
M0175,E00603,3,45,45,10
M0175,E02262,3,45,45,11
M0175,E01569,3,45,45,12
M0175,E00747,3,45,45,13
M0175,E01595,3,45,45,14
M0175,E00619,3,45,45,15
M0175,E01082,3,45,45,16
M0176,E01649,3,45,45,1
M0176,E01763,3,45,45,2
M0176,E01262,3,45,45,3
M0176,E00019,3,45,45,4
M0176,E02212,3,45,45,5
M0176,E01396,3,45,45,6
M0176,E02027,3,45,45,7
M0176,E00183,3,45,45,8
M0176,E01485,3,45,45,9
M0176,E01482,3,45,45,10
M0176,E01372,3,45,45,11
M0176,E02210,3,45,45,12
M0176,E01739,3,45,45,13
M0176,E02254,3,45,45,14
M0176,E02228,3,45,45,15
M0176,E01566,3,45,45,16
M0176,E01482,3,45,45,17
M0177,E00066,3,45,45,1
M0177,E01241,3,45,45,2
M0177,E00626,3,45,45,3
M0177,E01950,3,45,45,4
M0177,E00177,3,45,45,5
M0177,E01857,3,45,45,6
M0177,E01685,3,45,45,7
M0177,E00148,3,45,45,8
M0177,E01023,3,45,45,9
M0177,E00177,3,45,45,10
M0177,E01938,3,45,45,11
M0177,E01808,3,45,45,12
M0178,E01149,3,45,45,1
M0178,E02222,3,45,45,2
M0178,E00486,3,45,45,3
M0178,E00625,3,45,45,4
M0178,E01126,3,45,45,5
M0178,E00227,3,45,45,6
M0178,E01582,3,45,45,7
M0179,E01309,3,45,45,1
M0179,E01057,3,45,45,2
M0179,E01309,3,45,45,3
M0179,E01582,3,45,45,4
M0179,E01308,3,45,45,5
M0179,E02038,3,45,45,6
M0179,E02249,3,45,45,7
M0179,E00061,3,45,45,8
M0179,E00061,3,45,45,9
M0179,E01437,3,45,45,10
M0179,E02269,3,45,45,11
M0179,E02353,3,45,45,12
M0179,E01309,3,45,45,13
M0179,E01309,3,45,45,14
M0179,E01822,3,45,45,15
M0179,E01485,3,45,45,16
M0179,E00063,3,45,45,17
M0179,E01602,3,45,45,18
M0179,E00550,3,45,45,19
M0179,E02401,3,45,45,20
M0179,E01309,3,45,45,21
M0179,E02422,3,45,45,22
M0180,E01557,3,45,45,1
M0180,E01210,3,45,45,2
M0180,E02170,3,45,45,3
M0180,E00192,3,45,45,4
M0181,E01447,3,45,45,1
M0181,E01753,3,45,45,2
M0181,E00575,3,45,45,3
M0181,E01500,3,45,45,4
M0181,E00406,3,45,45,5
M0181,E02535,3,45,45,6
M0181,E01439,3,45,45,7
M0181,E02496,3,45,45,8
M0181,E00662,3,45,45,9
M0181,E02400,3,45,45,10
M0181,E01738,3,45,45,11
M0181,E01114,3,45,45,12
M0181,E01482,3,45,45,13
M0181,E01401,3,45,45,14
M0182,E02142,3,45,45,1
M0182,E00172,3,45,45,2
M0182,E00044,3,45,45,3
M0182,E01570,3,45,45,4
M0182,E01427,3,45,45,5
M0182,E01553,3,45,45,6
M0182,E00992,3,45,45,7
M0182,E00972,3,45,45,8
M0182,E01283,3,45,45,9
M0182,E01888,3,45,45,10
M0182,E00057,3,45,45,11
M0182,E01834,3,45,45,12
M0182,E02015,3,45,45,13
M0182,E01540,3,45,45,14
M0182,E01673,3,45,45,15
M0182,E02394,3,45,45,16
M0182,E02514,3,45,45,17
M0183,E00924,3,45,45,1
M0183,E01240,3,45,45,2
M0183,E00944,3,45,45,3
M0183,E01208,3,45,45,4
M0183,E01210,3,45,45,5
M0183,E01557,3,45,45,6
M0183,E01299,3,45,45,7
M0183,E00771,3,45,45,8
M0183,E01299,3,45,45,9
M0183,E02225,3,45,45,10
M0183,E01299,3,45,45,11
M0183,E01581,3,45,45,12
M0183,E01777,3,45,45,13
M0183,E01568,3,45,45,14
M0183,E01915,3,45,45,15
M0184,E00024,3,45,45,1
M0184,E00085,3,45,45,2
M0184,E00052,3,45,45,3
M0184,E02009,3,45,45,4
M0184,E00595,3,45,45,5
M0184,E01749,3,45,45,6
M0184,E01956,3,45,45,7
M0184,E01943,3,45,45,8
M0184,E00366,3,45,45,9
M0184,E01596,3,45,45,10
M0184,E00452,3,45,45,11
M0184,E00269,3,45,45,12
M0185,E01160,3,45,45,1
M0185,E00150,3,45,45,2
M0185,E00606,3,45,45,3
M0185,E02472,3,45,45,4
M0185,E00054,3,45,45,5
M0185,E00706,3,45,45,6
M0185,E01138,3,45,45,7
M0185,E00159,3,45,45,8
M0186,E01711,3,45,45,1
M0186,E01134,3,45,45,2
M0186,E00207,3,45,45,3
M0186,E01586,3,45,45,4
M0186,E00644,3,45,45,5
M0186,E01211,3,45,45,6
M0186,E01757,3,45,45,7
M0186,E00213,3,45,45,8
M0186,E01400,3,45,45,9
M0186,E00224,3,45,45,10
M0187,E00227,3,45,45,1
M0187,E00040,3,45,45,2
M0187,E00625,3,45,45,3
M0187,E00040,3,45,45,4
M0187,E00040,3,45,45,5
M0187,E00002,3,45,45,6
M0187,E01484,3,45,45,7
M0187,E02105,3,45,45,8
M0187,E01583,3,45,45,9
M0187,E01048,3,45,45,10
M0187,E00081,3,45,45,11
M0187,E01420,3,45,45,12
M0187,E01582,3,45,45,13
M0187,E00712,3,45,45,14
M0187,E02201,3,45,45,15
M0187,E00219,3,45,45,16
M0187,E00044,3,45,45,17
M0188,E00016,3,45,45,1
M0188,E02239,3,45,45,2
M0188,E01541,3,45,45,3
M0188,E01014,3,45,45,4
M0188,E02067,3,45,45,5
M0188,E01477,3,45,45,6
M0188,E00209,3,45,45,7
M0188,E01224,3,45,45,8
M0188,E00044,3,45,45,9
M0188,E00525,3,45,45,10
M0188,E01088,3,45,45,11
M0188,E00371,3,45,45,12
M0188,E00069,3,45,45,13
M0188,E01378,3,45,45,14
M0188,E01800,3,45,45,15
M0188,E01094,3,45,45,16
M0189,E01588,3,45,45,1
M0189,E00369,3,45,45,2
M0189,E01420,3,45,45,3
M0189,E02434,3,45,45,4
M0189,E01729,3,45,45,5
M0189,E00204,3,45,45,6
M0189,E01587,3,45,45,7
M0189,E00607,3,45,45,8
M0189,E01109,3,45,45,9
M0189,E00840,3,45,45,10
M0189,E01209,3,45,45,11
M0189,E01587,3,45,45,12
M0189,E00606,3,45,45,13
M0189,E00218,3,45,45,14
M0189,E00223,3,45,45,15
M0190,E00747,3,45,45,1
M0190,E00389,3,45,45,2
M0190,E00014,3,45,45,3
M0190,E01772,3,45,45,4
M0190,E01399,3,45,45,5
M0190,E01425,3,45,45,6
M0190,E01288,3,45,45,7
M0190,E01973,3,45,45,8
M0190,E01831,3,45,45,9
M0190,E00050,3,45,45,10
M0190,E00242,3,45,45,11
M0190,E01414,3,45,45,12
M0190,E01269,3,45,45,13
M0190,E01241,3,45,45,14
M0191,E01147,3,45,45,1
M0191,E01518,3,45,45,2
M0191,E00219,3,45,45,3
M0191,E01300,3,45,45,4
M0191,E01570,3,45,45,5
M0191,E02166,3,45,45,6
M0191,E02168,3,45,45,7
M0191,E01782,3,45,45,8
M0191,E01951,3,45,45,9
M0191,E01206,3,45,45,10
M0192,E02251,3,45,45,1
M0192,E02340,3,45,45,2
M0192,E00810,3,45,45,3
M0192,E01955,3,45,45,4
M0192,E00599,3,45,45,5
M0192,E02537,3,45,45,6
M0192,E00992,3,45,45,7
M0192,E02120,3,45,45,8
M0192,E01511,3,45,45,9
M0192,E01402,3,45,45,10
M0192,E00179,3,45,45,11
M0192,E00934,3,45,45,12
M0192,E01088,3,45,45,13
M0193,E01762,3,45,45,1
M0193,E01217,3,45,45,2
M0193,E01517,3,45,45,3
M0193,E00227,3,45,45,4
M0193,E01587,3,45,45,5
M0193,E00231,3,45,45,6
M0193,E00022,3,45,45,7
M0193,E00231,3,45,45,8
M0193,E01706,3,45,45,9
M0193,E01569,3,45,45,10
M0193,E01766,3,45,45,11
M0193,E01569,3,45,45,12
M0194,E01208,3,45,45,1
M0194,E01482,3,45,45,2
M0194,E00518,3,45,45,3
M0194,E00835,3,45,45,4
M0194,E01702,3,45,45,5
M0194,E01296,3,45,45,6
M0194,E00331,3,45,45,7
M0194,E01569,3,45,45,8
M0194,E01135,3,45,45,9
M0194,E01755,3,45,45,10
M0194,E01768,3,45,45,11
M0194,E00116,3,45,45,12
M0194,E01985,3,45,45,13
M0195,E01281,3,45,45,1
M0195,E01557,3,45,45,2
M0195,E00663,3,45,45,3
M0195,E00020,3,45,45,4
M0195,E01709,3,45,45,5
M0195,E02418,3,45,45,6
M0195,E01126,3,45,45,7
M0195,E00827,3,45,45,8
M0195,E00555,3,45,45,9
M0195,E02101,3,45,45,10
M0195,E02222,3,45,45,11
M0195,E01206,3,45,45,12
M0195,E00040,3,45,45,13
M0195,E01441,3,45,45,14
M0195,E01709,3,45,45,15
M0195,E00223,3,45,45,16
M0196,E01128,3,45,45,1
M0196,E02171,3,45,45,2
M0196,E01259,3,45,45,3
M0196,E01259,3,45,45,4
M0196,E00022,3,45,45,5
M0196,E01703,3,45,45,6
M0196,E01259,3,45,45,7
M0196,E01204,3,45,45,8
M0197,E02256,3,45,45,1
M0197,E00224,3,45,45,2
M0197,E00827,3,45,45,3
M0197,E01653,3,45,45,4
M0197,E01575,3,45,45,5
M0197,E01391,3,45,45,6
M0197,E01068,3,45,45,7
M0197,E00084,3,45,45,8
M0197,E01557,3,45,45,9
M0197,E02033,3,45,45,10
M0197,E00192,3,45,45,11
M0197,E01709,3,45,45,12
M0197,E01557,3,45,45,13
M0197,E00713,3,45,45,14
M0197,E01126,3,45,45,15
M0197,E00644,3,45,45,16
M0197,E00730,3,45,45,17
M0198,E01259,3,45,45,1
M0198,E00040,3,45,45,2
M0198,E01586,3,45,45,3
M0198,E01653,3,45,45,4
M0199,E01606,3,45,45,1
M0199,E01309,3,45,45,2
M0199,E01875,3,45,45,3
M0199,E01610,3,45,45,4
M0199,E00061,3,45,45,5
M0199,E00061,3,45,45,6
M0199,E02129,3,45,45,7
M0199,E01583,3,45,45,8
M0199,E00061,3,45,45,9
M0199,E01466,3,45,45,10
M0199,E01308,3,45,45,11
M0199,E00223,3,45,45,12
M0199,E00061,3,45,45,13
M0199,E01309,3,45,45,14
M0199,E01602,3,45,45,15
M0199,E00061,3,45,45,16
M0199,E01657,3,45,45,17
M0199,E00061,3,45,45,18
M0199,E01640,3,45,45,19
M0199,E02022,3,45,45,20
M0200,E00204,3,45,45,1
M0200,E01352,3,45,45,2
M0200,E01706,3,45,45,3
M0200,E01581,3,45,45,4
M0200,E00625,3,45,45,5
M0200,E01293,3,45,45,6
M0200,E00218,3,45,45,7
M0200,E01393,3,45,45,8
M0200,E01147,3,45,45,9
M0200,E01259,3,45,45,10
M0200,E01128,3,45,45,11
M0200,E00227,3,45,45,12
M0200,E01259,3,45,45,13
M0200,E00698,3,45,45,14
M0200,E00204,3,45,45,15
M0201,E01702,3,45,45,1
M0201,E02428,3,45,45,2
M0201,E00061,3,45,45,3
M0201,E01657,3,45,45,4
M0201,E01309,3,45,45,5
M0201,E00967,3,45,45,6
M0201,E01773,3,45,45,7
M0201,E00061,3,45,45,8
M0201,E01618,3,45,45,9
M0201,E01726,3,45,45,10
M0201,E01309,3,45,45,11
M0201,E01405,3,45,45,12
M0201,E01922,3,45,45,13
M0201,E00768,3,45,45,14
M0201,E01841,3,45,45,15
M0201,E01281,3,45,45,16
M0201,E01309,3,45,45,17
M0201,E00825,3,45,45,18
M0201,E00734,3,45,45,19
M0201,E01471,3,45,45,20
M0201,E00061,3,45,45,21
M0201,E01403,3,45,45,22
M0201,E00378,3,45,45,23
M0201,E01606,3,45,45,24
M0202,E01496,3,45,45,1
M0202,E00014,3,45,45,2
M0202,E01844,3,45,45,3
M0202,E01289,3,45,45,4
M0202,E01947,3,45,45,5
M0202,E00172,3,45,45,6
M0202,E02486,3,45,45,7
M0202,E00069,3,45,45,8
M0202,E01858,3,45,45,9
M0202,E00014,3,45,45,10
M0202,E01271,3,45,45,11
M0203,E00034,3,45,45,1
M0203,E00582,3,45,45,2
M0203,E00061,3,45,45,3
M0203,E01657,3,45,45,4
M0203,E00061,3,45,45,5
M0203,E02121,3,45,45,6
M0203,E01308,3,45,45,7
M0203,E01546,3,45,45,8
M0203,E01015,3,45,45,9
M0203,E00029,3,45,45,10
M0203,E01841,3,45,45,11
M0203,E01657,3,45,45,12
M0203,E00061,3,45,45,13
M0203,E01657,3,45,45,14
M0203,E01309,3,45,45,15
M0203,E01610,3,45,45,16
M0203,E01610,3,45,45,17
M0203,E01569,3,45,45,18
M0203,E00061,3,45,45,19
M0204,E00061,3,45,45,1
M0204,E01132,3,45,45,2
M0204,E01657,3,45,45,3
M0204,E00043,3,45,45,4
M0204,E00466,3,45,45,5
M0204,E00480,3,45,45,6
M0204,E00061,3,45,45,7
M0204,E01618,3,45,45,8
M0204,E01053,3,45,45,9
M0204,E01308,3,45,45,10
M0204,E01854,3,45,45,11
M0204,E00061,3,45,45,12
M0204,E01309,3,45,45,13
M0204,E01599,3,45,45,14
M0204,E01657,3,45,45,15
M0204,E01606,3,45,45,16
M0204,E00061,3,45,45,17
M0204,E01309,3,45,45,18
M0204,E01630,3,45,45,19
M0204,E01309,3,45,45,20
M0204,E00061,3,45,45,21
M0205,E01722,3,45,45,1
M0205,E00125,3,45,45,2
M0205,E01596,3,45,45,3
M0205,E00508,3,45,45,4
M0205,E00727,3,45,45,5
M0205,E01711,3,45,45,6
M0205,E01213,3,45,45,7
M0205,E01811,3,45,45,8
M0205,E01739,3,45,45,9
M0205,E02423,3,45,45,10
M0205,E01563,3,45,45,11
M0206,E01249,3,45,45,1
M0206,E00468,3,45,45,2
M0206,E01726,3,45,45,3
M0206,E01773,3,45,45,4
M0206,E01724,3,45,45,5
M0206,E01724,3,45,45,6
M0206,E01591,3,45,45,7
M0206,E00637,3,45,45,8
M0206,E01564,3,45,45,9
M0206,E01634,3,45,45,10
M0206,E00597,3,45,45,11
M0206,E01801,3,45,45,12
M0206,E01214,3,45,45,13
M0206,E02400,3,45,45,14
M0206,E01741,3,45,45,15
M0207,E01419,3,45,45,1
M0207,E01149,3,45,45,2
M0207,E01570,3,45,45,3
M0207,E01172,3,45,45,4
M0207,E01407,3,45,45,5
M0207,E01301,3,45,45,6
M0208,E00862,3,45,45,1
M0208,E01587,3,45,45,2
M0208,E00022,3,45,45,3
M0208,E01587,3,45,45,4
M0208,E01582,3,45,45,5
M0208,E00862,3,45,45,6
M0208,E00239,3,45,45,7
M0208,E01498,3,45,45,8
M0208,E01420,3,45,45,9
M0208,E01259,3,45,45,10
M0209,E00230,3,45,45,1
M0209,E00204,3,45,45,2
M0209,E01587,3,45,45,3
M0209,E00012,3,45,45,4
M0209,E00218,3,45,45,5
M0209,E01777,3,45,45,6
M0209,E01259,3,45,45,7
M0209,E00157,3,45,45,8
M0209,E02340,3,45,45,9
M0209,E01587,3,45,45,10
M0209,E01259,3,45,45,11
M0209,E01703,3,45,45,12
M0209,E01706,3,45,45,13
M0209,E00040,3,45,45,14
M0209,E01587,3,45,45,15
M0209,E00204,3,45,45,16
M0209,E00607,3,45,45,17
M0210,E01517,3,45,45,1
M0210,E00716,3,45,45,2
M0210,E02171,3,45,45,3
M0210,E01218,3,45,45,4
M0210,E01484,3,45,45,5
M0210,E01516,3,45,45,6
M0210,E01582,3,45,45,7
M0211,E02331,3,45,45,1
M0211,E00894,3,45,45,2
M0211,E00991,3,45,45,3
M0211,E02288,3,45,45,4
M0211,E02394,3,45,45,5
M0211,E02129,3,45,45,6
M0211,E02485,3,45,45,7
M0211,E01655,3,45,45,8
M0211,E02156,3,45,45,9
M0211,E01888,3,45,45,10
M0211,E00081,3,45,45,11
M0212,E00159,3,45,45,1
M0212,E01982,3,45,45,2
M0212,E00159,3,45,45,3
M0212,E01706,3,45,45,4
M0212,E01475,3,45,45,5
M0212,E01484,3,45,45,6
M0212,E00828,3,45,45,7
M0212,E02170,3,45,45,8
M0212,E00159,3,45,45,9
M0212,E00040,3,45,45,10
M0212,E02170,3,45,45,11
M0212,E00159,3,45,45,12
M0212,E02000,3,45,45,13
M0212,E00159,3,45,45,14
M0212,E01140,3,45,45,15
M0212,E01244,3,45,45,16
M0213,E01577,3,45,45,1
M0213,E01414,3,45,45,2
M0213,E01268,3,45,45,3
M0213,E01922,3,45,45,4
M0213,E01528,3,45,45,5
M0213,E01334,3,45,45,6
M0213,E01289,3,45,45,7
M0213,E02395,3,45,45,8
M0213,E02044,3,45,45,9
M0213,E01527,3,45,45,10
M0213,E01177,3,45,45,11
M0213,E02376,3,45,45,12
M0213,E02035,3,45,45,13
M0213,E01241,3,45,45,14
M0213,E01989,3,45,45,15
M0214,E01711,3,45,45,1
M0214,E01407,3,45,45,2
M0214,E01487,3,45,45,3
M0214,E02174,3,45,45,4
M0214,E01420,3,45,45,5
M0215,E00061,3,45,45,1
M0215,E01875,3,45,45,2
M0215,E01465,3,45,45,3
M0215,E00061,3,45,45,4
M0215,E00910,3,45,45,5
M0215,E00215,3,45,45,6
M0215,E00689,3,45,45,7
M0215,E02066,3,45,45,8
M0215,E02411,3,45,45,9
M0215,E01485,3,45,45,10
M0215,E01726,3,45,45,11
M0215,E01715,3,45,45,12
M0215,E01766,3,45,45,13
M0215,E00459,3,45,45,14
M0215,E01610,3,45,45,15
M0215,E01309,3,45,45,16
M0215,E01377,3,45,45,17
M0215,E02535,3,45,45,18
M0215,E01627,3,45,45,19
M0216,E01866,3,45,45,1
M0216,E01564,3,45,45,2
M0216,E00998,3,45,45,3
M0216,E00273,3,45,45,4
M0216,E02242,3,45,45,5
M0216,E00574,3,45,45,6
M0216,E00021,3,45,45,7
M0216,E02211,3,45,45,8
M0216,E01335,3,45,45,9
M0216,E01212,3,45,45,10
M0216,E01773,3,45,45,11
M0216,E01284,3,45,45,12
M0216,E01262,3,45,45,13
M0216,E00654,3,45,45,14
M0217,E01419,3,45,45,1
M0217,E01211,3,45,45,2
M0217,E02165,3,45,45,3
M0217,E00928,3,45,45,4
M0217,E01206,3,45,45,5
M0217,E01407,3,45,45,6
M0217,E01708,3,45,45,7
M0217,E00199,3,45,45,8
M0217,E01206,3,45,45,9
M0217,E01204,3,45,45,10
M0217,E01518,3,45,45,11
M0217,E02158,3,45,45,12
M0218,E00433,3,45,45,1
M0218,E00562,3,45,45,2
M0218,E00611,3,45,45,3
M0218,E00623,3,45,45,4
M0218,E01287,3,45,45,5
M0218,E01769,3,45,45,6
M0218,E02278,3,45,45,7
M0218,E01293,3,45,45,8
M0218,E01232,3,45,45,9
M0218,E00035,3,45,45,10
M0218,E00834,3,45,45,11
M0218,E01079,3,45,45,12
M0219,E00607,3,45,45,1
M0219,E01259,3,45,45,2
M0219,E01259,3,45,45,3
M0219,E01583,3,45,45,4
M0219,E02436,3,45,45,5
M0219,E01259,3,45,45,6
M0219,E00218,3,45,45,7
M0219,E01259,3,45,45,8
M0219,E00701,3,45,45,9
M0219,E01259,3,45,45,10
M0219,E01259,3,45,45,11
M0219,E00231,3,45,45,12
M0219,E00606,3,45,45,13
M0219,E00607,3,45,45,14
M0219,E01715,3,45,45,15
M0219,E01495,3,45,45,16
M0219,E00607,3,45,45,17
M0220,E00198,3,45,45,1
M0220,E01875,3,45,45,2
M0220,E01875,3,45,45,3
M0220,E02354,3,45,45,4
M0220,E00061,3,45,45,5
M0220,E01610,3,45,45,6
M0220,E00061,3,45,45,7
M0220,E02447,3,45,45,8
M0220,E01618,3,45,45,9
M0220,E01173,3,45,45,10
M0220,E00159,3,45,45,11
M0220,E01618,3,45,45,12
M0220,E01657,3,45,45,13
M0220,E00061,3,45,45,14
M0220,E01606,3,45,45,15
M0220,E01466,3,45,45,16
M0220,E01841,3,45,45,17
M0220,E01312,3,45,45,18
M0220,E02147,3,45,45,19
M0221,E00730,3,45,45,1
M0221,E01569,3,45,45,2
M0221,E01557,3,45,45,3
M0221,E01136,3,45,45,4
M0221,E00922,3,45,45,5
M0221,E01126,3,45,45,6
M0221,E00223,3,45,45,7
M0221,E00827,3,45,45,8
M0221,E00827,3,45,45,9
M0221,E01569,3,45,45,10
M0221,E00589,3,45,45,11
M0221,E01557,3,45,45,12
M0221,E00644,3,45,45,13
M0221,E00183,3,45,45,14
M0222,E01138,3,45,45,1
M0222,E02162,3,45,45,2
M0222,E00917,3,45,45,3
M0222,E00655,3,45,45,4
M0222,E00040,3,45,45,5
M0222,E02099,3,45,45,6
M0222,E01240,3,45,45,7
M0222,E00040,3,45,45,8
M0222,E01420,3,45,45,9
M0222,E00040,3,45,45,10
M0223,E01827,3,45,45,1
M0223,E02096,3,45,45,2
M0223,E01770,3,45,45,3
M0223,E00373,3,45,45,4
M0223,E01318,3,45,45,5
M0223,E02295,3,45,45,6
M0223,E01258,3,45,45,7
M0223,E02469,3,45,45,8
M0223,E01595,3,45,45,9
M0223,E01499,3,45,45,10
M0223,E01216,3,45,45,11
M0223,E01054,3,45,45,12
M0223,E00444,3,45,45,13
M0223,E00112,3,45,45,14
M0224,E01776,3,45,45,1
M0224,E01475,3,45,45,2
M0224,E01589,3,45,45,3
M0224,E00811,3,45,45,4
M0224,E01261,3,45,45,5
M0224,E00735,3,45,45,6
M0224,E01745,3,45,45,7
M0224,E01084,3,45,45,8
M0224,E01745,3,45,45,9
M0224,E01148,3,45,45,10
M0224,E02453,3,45,45,11
M0225,E00499,3,45,45,1
M0225,E01110,3,45,45,2
M0225,E01588,3,45,45,3
M0225,E00827,3,45,45,4
M0225,E01557,3,45,45,5
M0225,E00710,3,45,45,6
M0225,E01557,3,45,45,7
M0226,E02293,3,45,45,1
M0226,E01470,3,45,45,2
M0226,E00215,3,45,45,3
M0226,E01372,3,45,45,4
M0226,E01142,3,45,45,5
M0226,E01293,3,45,45,6
M0226,E00255,3,45,45,7
M0226,E01720,3,45,45,8
M0226,E00592,3,45,45,9
M0226,E01137,3,45,45,10
M0226,E01754,3,45,45,11
M0226,E00465,3,45,45,12
M0226,E01770,3,45,45,13
M0226,E01372,3,45,45,14
M0226,E01007,3,45,45,15
M0227,E01727,3,45,45,1
M0227,E00766,3,45,45,2
M0227,E01567,3,45,45,3
M0227,E00559,3,45,45,4
M0227,E01489,3,45,45,5
M0227,E00309,3,45,45,6
M0227,E00050,3,45,45,7
M0227,E00455,3,45,45,8
M0227,E01494,3,45,45,9
M0227,E00484,3,45,45,10
M0227,E00340,3,45,45,11
M0227,E01468,3,45,45,12
M0228,E00832,3,45,45,1
M0228,E01226,3,45,45,2
M0228,E00917,3,45,45,3
M0228,E00204,3,45,45,4
M0228,E01582,3,45,45,5
M0228,E00159,3,45,45,6
M0228,E01568,3,45,45,7
M0228,E00230,3,45,45,8
M0228,E00839,3,45,45,9
M0228,E01570,3,45,45,10
M0228,E00159,3,45,45,11
M0229,E01308,3,45,45,1
M0229,E01961,3,45,45,2
M0229,E00061,3,45,45,3
M0229,E01657,3,45,45,4
M0229,E00688,3,45,45,5
M0229,E01309,3,45,45,6
M0229,E02421,3,45,45,7
M0229,E01622,3,45,45,8
M0229,E01308,3,45,45,9
M0229,E01601,3,45,45,10
M0229,E01606,3,45,45,11
M0229,E02473,3,45,45,12
M0229,E01657,3,45,45,13
M0229,E01604,3,45,45,14
M0229,E01308,3,45,45,15
M0229,E01309,3,45,45,16
M0229,E00061,3,45,45,17
M0229,E00061,3,45,45,18
M0229,E01602,3,45,45,19
M0229,E01623,3,45,45,20
M0229,E01841,3,45,45,21
M0229,E01618,3,45,45,22
M0229,E00228,3,45,45,23
M0230,E00829,3,45,45,1
M0230,E00694,3,45,45,2
M0230,E00606,3,45,45,3
M0230,E00227,3,45,45,4
M0230,E01504,3,45,45,5
M0230,E02305,3,45,45,6
M0230,E01706,3,45,45,7
M0230,E01587,3,45,45,8
M0230,E01569,3,45,45,9
M0230,E01706,3,45,45,10
M0230,E00607,3,45,45,11
M0230,E00204,3,45,45,12
M0230,E01706,3,45,45,13
M0230,E01299,3,45,45,14
M0231,E00964,3,45,45,1
M0231,E01943,3,45,45,2
M0231,E01569,3,45,45,3
M0231,E01326,3,45,45,4
M0231,E01520,3,45,45,5
M0231,E01224,3,45,45,6
M0231,E01415,3,45,45,7
M0231,E01561,3,45,45,8
M0231,E01826,3,45,45,9
M0231,E01078,3,45,45,10
M0231,E01532,3,45,45,11
M0231,E01459,3,45,45,12
M0231,E00923,3,45,45,13
M0232,E01207,3,45,45,1
M0232,E00040,3,45,45,2
M0232,E01217,3,45,45,3
M0232,E01939,3,45,45,4
M0232,E01352,3,45,45,5
M0232,E00930,3,45,45,6
M0233,E00061,3,45,45,1
M0233,E01308,3,45,45,2
M0233,E00061,3,45,45,3
M0233,E00061,3,45,45,4
M0233,E00061,3,45,45,5
M0233,E01604,3,45,45,6
M0233,E01309,3,45,45,7
M0233,E01470,3,45,45,8
M0233,E01308,3,45,45,9
M0233,E01166,3,45,45,10
M0233,E01640,3,45,45,11
M0233,E00061,3,45,45,12
M0233,E01327,3,45,45,13
M0233,E00061,3,45,45,14
M0233,E02100,3,45,45,15
M0233,E00015,3,45,45,16
M0233,E01606,3,45,45,17
M0233,E01622,3,45,45,18
M0233,E00061,3,45,45,19
M0234,E00691,3,45,45,1
M0234,E01132,3,45,45,2
M0234,E01479,3,45,45,3
M0234,E00813,3,45,45,4
M0234,E01560,3,45,45,5
M0234,E00687,3,45,45,6
M0234,E00062,3,45,45,7
M0234,E02435,3,45,45,8
M0234,E01222,3,45,45,9
M0234,E00855,3,45,45,10
M0234,E01765,3,45,45,11
M0234,E00162,3,45,45,12
M0234,E00054,3,45,45,13
M0234,E01264,3,45,45,14
M0234,E02458,3,45,45,15
M0234,E01389,3,45,45,16
M0234,E01019,3,45,45,17
M0235,E01398,3,45,45,1
M0235,E00096,3,45,45,2
M0235,E01490,3,45,45,3
M0235,E01340,3,45,45,4
M0235,E00096,3,45,45,5
M0235,E02116,3,45,45,6
M0235,E02040,3,45,45,7
M0235,E01450,3,45,45,8
M0235,E01823,3,45,45,9
M0235,E00272,3,45,45,10
M0235,E01905,3,45,45,11
M0235,E01359,3,45,45,12
M0235,E02258,3,45,45,13
M0235,E01402,3,45,45,14
M0236,E00192,3,45,45,1
M0236,E01596,3,45,45,2
M0236,E01588,3,45,45,3
M0236,E01564,3,45,45,4
M0236,E01654,3,45,45,5
M0236,E00214,3,45,45,6
M0236,E01588,3,45,45,7
M0237,E00216,3,45,45,1
M0237,E02527,3,45,45,2
M0237,E02175,3,45,45,3
M0237,E00901,3,45,45,4
M0237,E02376,3,45,45,5
M0237,E00393,3,45,45,6
M0237,E02138,3,45,45,7
M0237,E02424,3,45,45,8
M0237,E01542,3,45,45,9
M0237,E02461,3,45,45,10
M0237,E02478,3,45,45,11
M0237,E01543,3,45,45,12
M0237,E02513,3,45,45,13
M0238,E00061,3,45,45,1
M0238,E00084,3,45,45,2
M0238,E01472,3,45,45,3
M0238,E00620,3,45,45,4
M0238,E00837,3,45,45,5
M0238,E01195,3,45,45,6
M0238,E01686,3,45,45,7
M0238,E01606,3,45,45,8
M0238,E01610,3,45,45,9
M0238,E01308,3,45,45,10
M0238,E01065,3,45,45,11
M0238,E01875,3,45,45,12
M0238,E01502,3,45,45,13
M0238,E01309,3,45,45,14
M0238,E01309,3,45,45,15
M0238,E01308,3,45,45,16
M0238,E00221,3,45,45,17
M0238,E00061,3,45,45,18
M0238,E00061,3,45,45,19
M0239,E00081,3,45,45,1
M0239,E02238,3,45,45,2
M0239,E00254,3,45,45,3
M0239,E01787,3,45,45,4
M0239,E02014,3,45,45,5
M0239,E01312,3,45,45,6
M0239,E00155,3,45,45,7
M0239,E01581,3,45,45,8
M0239,E01652,3,45,45,9
M0239,E01576,3,45,45,10
M0239,E01859,3,45,45,11
M0239,E01927,3,45,45,12
M0239,E00066,3,45,45,13
M0239,E02333,3,45,45,14
M0239,E01161,3,45,45,15
M0239,E01170,3,45,45,16
M0240,E00092,3,45,45,1
M0240,E02016,3,45,45,2
M0240,E02135,3,45,45,3
M0240,E00930,3,45,45,4
M0240,E00029,3,45,45,5
M0240,E01105,3,45,45,6
M0240,E01331,3,45,45,7
M0240,E00081,3,45,45,8
M0240,E01851,3,45,45,9
M0240,E01268,3,45,45,10
M0240,E01853,3,45,45,11
M0240,E01576,3,45,45,12
M0240,E02160,3,45,45,13
M0240,E00720,3,45,45,14
M0240,E02423,3,45,45,15
M0241,E00061,3,45,45,1
M0241,E00885,3,45,45,2
M0241,E02308,3,45,45,3
M0241,E01308,3,45,45,4
M0241,E01460,3,45,45,5
M0241,E00061,3,45,45,6
M0241,E01308,3,45,45,7
M0241,E01276,3,45,45,8
M0241,E01606,3,45,45,9
M0241,E01947,3,45,45,10
M0241,E01309,3,45,45,11
M0241,E01613,3,45,45,12
M0241,E01954,3,45,45,13
M0241,E01309,3,45,45,14
M0241,E00061,3,45,45,15
M0241,E00781,3,45,45,16
M0241,E01618,3,45,45,17
M0241,E00330,3,45,45,18
M0241,E01309,3,45,45,19
M0241,E01610,3,45,45,20
M0241,E01602,3,45,45,21
M0241,E01606,3,45,45,22
M0241,E00061,3,45,45,23
M0242,E00875,3,45,45,1
M0242,E00134,3,45,45,2
M0242,E01557,3,45,45,3
M0242,E00844,3,45,45,4
M0242,E01711,3,45,45,5
M0242,E00192,3,45,45,6
M0242,E01557,3,45,45,7
M0242,E01586,3,45,45,8
M0243,E01723,3,45,45,1
M0243,E01723,3,45,45,2
M0243,E01495,3,45,45,3
M0243,E02288,3,45,45,4
M0243,E01286,3,45,45,5
M0243,E00067,3,45,45,6
M0243,E01705,3,45,45,7
M0243,E01952,3,45,45,8
M0243,E01415,3,45,45,9
M0243,E01372,3,45,45,10
M0243,E01449,3,45,45,11
M0243,E00300,3,45,45,12
M0244,E01211,3,45,45,1
M0244,E01192,3,45,45,2
M0244,E01207,3,45,45,3
M0244,E01208,3,45,45,4
M0244,E00040,3,45,45,5
M0245,E00061,3,45,45,1
M0245,E01309,3,45,45,2
M0245,E01308,3,45,45,3
M0245,E01657,3,45,45,4
M0245,E01308,3,45,45,5
M0245,E01875,3,45,45,6
M0245,E01629,3,45,45,7
M0245,E00061,3,45,45,8
M0245,E01309,3,45,45,9
M0245,E00504,3,45,45,10
M0245,E01618,3,45,45,11
M0245,E01431,3,45,45,12
M0245,E00876,3,45,45,13
M0245,E00061,3,45,45,14
M0245,E01309,3,45,45,15
M0245,E00892,3,45,45,16
M0245,E00061,3,45,45,17
M0245,E00061,3,45,45,18
M0245,E01841,3,45,45,19
M0245,E01649,3,45,45,20
M0245,E01608,3,45,45,21
M0245,E01309,3,45,45,22
M0245,E01606,3,45,45,23
M0245,E01623,3,45,45,24
M0246,E01292,3,45,45,1
M0246,E01715,3,45,45,2
M0246,E00060,3,45,45,3
M0246,E01595,3,45,45,4
M0246,E00200,3,45,45,5
M0246,E00725,3,45,45,6
M0246,E01555,3,45,45,7
M0246,E01339,3,45,45,8
M0246,E01137,3,45,45,9
M0246,E01513,3,45,45,10
M0246,E01449,3,45,45,11
M0246,E01286,3,45,45,12
M0246,E01319,3,45,45,13
M0246,E02318,3,45,45,14
M0246,E00497,3,45,45,15
M0247,E00696,3,45,45,1
M0247,E02222,3,45,45,2
M0247,E01586,3,45,45,3
M0247,E01040,3,45,45,4
M0247,E01485,3,45,45,5
M0247,E00913,3,45,45,6
M0247,E01487,3,45,45,7
M0247,E01469,3,45,45,8
M0247,E01458,3,45,45,9
M0247,E01039,3,45,45,10
M0247,E01557,3,45,45,11
M0247,E00666,3,45,45,12
M0247,E01569,3,45,45,13
M0247,E01112,3,45,45,14
M0247,E01711,3,45,45,15
M0248,E00040,3,45,45,1
M0248,E00040,3,45,45,2
M0248,E00458,3,45,45,3
M0248,E02033,3,45,45,4
M0248,E01710,3,45,45,5
M0249,E01207,3,45,45,1
M0249,E01475,3,45,45,2
M0249,E01568,3,45,45,3
M0249,E00040,3,45,45,4
M0249,E00040,3,45,45,5
M0249,E00040,3,45,45,6
M0249,E01582,3,45,45,7
M0249,E02161,3,45,45,8
M0249,E00040,3,45,45,9
M0249,E01209,3,45,45,10
M0249,E00625,3,45,45,11
M0249,E01403,3,45,45,12
M0249,E00057,3,45,45,13
M0250,E01405,3,45,45,1
M0250,E00482,3,45,45,2
M0250,E01243,3,45,45,3
M0250,E01734,3,45,45,4
M0250,E00181,3,45,45,5
M0250,E01589,3,45,45,6
M0250,E01488,3,45,45,7
M0250,E01731,3,45,45,8
M0250,E00867,3,45,45,9
M0250,E00703,3,45,45,10
M0250,E01139,3,45,45,11
M0251,E01291,3,45,45,1
M0251,E00453,3,45,45,2
M0251,E02276,3,45,45,3
M0251,E00643,3,45,45,4
M0251,E01503,3,45,45,5
M0251,E01074,3,45,45,6
M0251,E01919,3,45,45,7
M0251,E00271,3,45,45,8
M0251,E01495,3,45,45,9
M0251,E00168,3,45,45,10
M0251,E02441,3,45,45,11
M0251,E01924,3,45,45,12
M0251,E01404,3,45,45,13
M0252,E01308,3,45,45,1
M0252,E00061,3,45,45,2
M0252,E01570,3,45,45,3
M0252,E01381,3,45,45,4
M0252,E01468,3,45,45,5
M0252,E00227,3,45,45,6
M0252,E01993,3,45,45,7
M0252,E01047,3,45,45,8
M0252,E01308,3,45,45,9
M0252,E01266,3,45,45,10
M0252,E01043,3,45,45,11
M0252,E01464,3,45,45,12
M0252,E01170,3,45,45,13
M0252,E01309,3,45,45,14
M0252,E01308,3,45,45,15
M0252,E01309,3,45,45,16
M0252,E01409,3,45,45,17
M0252,E01308,3,45,45,18
M0252,E01606,3,45,45,19
M0252,E01308,3,45,45,20
M0252,E01308,3,45,45,21
M0252,E00724,3,45,45,22
M0252,E00061,3,45,45,23
M0253,E00057,3,45,45,1
M0253,E01094,3,45,45,2
M0253,E01573,3,45,45,3
M0253,E01507,3,45,45,4
M0253,E02508,3,45,45,5
M0253,E01712,3,45,45,6
M0253,E01573,3,45,45,7
M0253,E01399,3,45,45,8
M0253,E01267,3,45,45,9
M0253,E00995,3,45,45,10
M0253,E01481,3,45,45,11
M0253,E00044,3,45,45,12
M0253,E01339,3,45,45,13
M0253,E01545,3,45,45,14
M0254,E01773,3,45,45,1
M0254,E00739,3,45,45,2
M0254,E00484,3,45,45,3
M0254,E01726,3,45,45,4
M0254,E01326,3,45,45,5
M0254,E02145,3,45,45,6
M0254,E01749,3,45,45,7
M0254,E01405,3,45,45,8
M0254,E00534,3,45,45,9
M0254,E01396,3,45,45,10
M0254,E01396,3,45,45,11
M0254,E00527,3,45,45,12
M0254,E00071,3,45,45,13
M0255,E01657,3,45,45,1
M0255,E00258,3,45,45,2
M0255,E00145,3,45,45,3
M0255,E01282,3,45,45,4
M0255,E00061,3,45,45,5
M0255,E01308,3,45,45,6
M0255,E01308,3,45,45,7
M0255,E02200,3,45,45,8
M0255,E02215,3,45,45,9
M0255,E01309,3,45,45,10
M0255,E02212,3,45,45,11
M0255,E00036,3,45,45,12
M0255,E01610,3,45,45,13
M0255,E01308,3,45,45,14
M0255,E00061,3,45,45,15
M0255,E01282,3,45,45,16
M0255,E00061,3,45,45,17
M0255,E01606,3,45,45,18
M0256,E01090,3,45,45,1
M0256,E01300,3,45,45,2
M0256,E01407,3,45,45,3
M0256,E01117,3,45,45,4
M0256,E02164,3,45,45,5
M0256,E01090,3,45,45,6
M0256,E01355,3,45,45,7
M0256,E01138,3,45,45,8
M0256,E02169,3,45,45,9
M0256,E00214,3,45,45,10
M0256,E01148,3,45,45,11
M0256,E00912,3,45,45,12
M0256,E01410,3,45,45,13
M0256,E01501,3,45,45,14
M0256,E01582,3,45,45,15
M0256,E02535,3,45,45,16
M0257,E01557,3,45,45,1
M0257,E02200,3,45,45,2
M0257,E02173,3,45,45,3
M0257,E00214,3,45,45,4
M0257,E02101,3,45,45,5
M0257,E00091,3,45,45,6
M0257,E02525,3,45,45,7
